,Tweet Text,Remove user,Remove url,Remove RT,Remove pun,Remove stop
0,Hey! Check out #ShopBack where you can #earn #Cashback as you shop online. Sign up via my link and get a P100 welco‚Ä¶ https://t.co/4cLZWud0uF,Hey! Check out #ShopBack where you can #earn #Cashback as you shop online. Sign up via my link and get a P100 welco‚Ä¶ https://t.co/4cLZWud0uF,Hey! Check out #ShopBack where you can #earn #Cashback as you shop online. Sign up via my link and get a P100 welco‚Ä¶ ,Hey! Check out #ShopBack where you can #earn #Cashback as you shop online. Sign up via my link and get a P welco‚Ä¶ ,Hey Check out ShopBack where you can earn Cashback as you shop online Sign up via my link and get a P welco‚Ä¶ ,"['Hey', 'Check', 'ShopBack', 'earn', 'Cashback', 'shop', 'online', 'Sign', 'via', 'link', 'get', 'P', 'welco‚Ä¶']"
1,"Blackstar HT-DRIVE OD-1 PURE VALVE OVERDRIVE
https://t.co/5jPS8uc2IZ
https://t.co/Jc2s1nDpCt","Blackstar HT-DRIVE OD-1 PURE VALVE OVERDRIVE
https://t.co/5jPS8uc2IZ
https://t.co/Jc2s1nDpCt","Blackstar HT-DRIVE OD-1 PURE VALVE OVERDRIVE

","Blackstar H-DIVE OD- PUE VALVE OVEDIVE

","Blackstar HDIVE OD PUE VALVE OVEDIVE

","['Blackstar', 'HDIVE', 'OD', 'PUE', 'VALVE', 'OVEDIVE']"
2,"RT @odoriteIndia: Just a few sprays and your footwear smells clean

Buy this product on amazon https://t.co/VKxXYLJPEn

#Homecare #airfresh‚Ä¶","RT  Just a few sprays and your footwear smells clean

Buy this product on amazon https://t.co/VKxXYLJPEn

#Homecare #airfresh‚Ä¶","RT  Just a few sprays and your footwear smells clean

Buy this product on amazon 

#Homecare #airfresh‚Ä¶","  Just a few sprays and your footwear smells clean

Buy this product on amazon 

#Homecare #airfresh‚Ä¶","  Just a few sprays and your footwear smells clean

Buy this product on amazon 

Homecare airfresh‚Ä¶","['Just', 'sprays', 'footwear', 'smells', 'clean', 'Buy', 'product', 'amazon', 'Homecare', 'airfresh‚Ä¶']"
3,"RT @perrylegion: Reply a screenshot of you streaming or watching Katy Perry‚Äôs #NeverWornWhite in Spotify, Apple Music, Amazon Music, Tidal‚Ä¶","RT  Reply a screenshot of you streaming or watching Katy Perry‚Äôs #NeverWornWhite in Spotify, Apple Music, Amazon Music, Tidal‚Ä¶","RT  Reply a screenshot of you streaming or watching Katy Perry‚Äôs #NeverWornWhite in Spotify, Apple Music, Amazon Music, Tidal‚Ä¶","  eply a screenshot of you streaming or watching Katy Perry‚Äôs #NeverWornWhite in Spotify, Apple Music, Amazon Music, idal‚Ä¶",  eply a screenshot of you streaming or watching Katy Perry‚Äôs NeverWornWhite in Spotify Apple Music Amazon Music idal‚Ä¶,"['eply', 'screenshot', 'streaming', 'watching', 'Katy', 'Perry‚Äôs', 'NeverWornWhite', 'Spotify', 'Apple', 'Music', 'Amazon', 'Music', 'idal‚Ä¶']"
4,"RT @einsuniel: #ShamelessSelfpromoSaturday
Drop your links &amp; RT
Unique theme: Story's set 10,000 years in the future after an Ice Age wipes‚Ä¶","RT  #ShamelessSelfpromoSaturday
Drop your links &amp; RT
Unique theme: Story's set 10,000 years in the future after an Ice Age wipes‚Ä¶","RT  #ShamelessSelfpromoSaturday
Drop your links &amp; RT
Unique theme: Story's set 10,000 years in the future after an Ice Age wipes‚Ä¶","  #ShamelessSelfpromoSaturday
Drop your links &amp; 
Unique theme: Story's set , years in the future after an Ice Age wipes‚Ä¶","  ShamelessSelfpromoSaturday
Drop your links amp 
Unique theme Storys set  years in the future after an Ice Age wipes‚Ä¶","['ShamelessSelfpromoSaturday', 'Drop', 'links', 'amp', 'Unique', 'theme', 'Storys', 'set', 'years', 'future', 'Ice', 'Age', 'wipes‚Ä¶']"
5,"@lightwoodizm I just remembered you can leave reviews on Amazon.

üòéüòéüòé"," I just remembered you can leave reviews on Amazon.

üòéüòéüòé"," I just remembered you can leave reviews on Amazon.

üòéüòéüòé"," I just remembered you can leave reviews on Amazon.

üòéüòéüòé"," I just remembered you can leave reviews on Amazon

üòéüòéüòé","['I', 'remembered', 'leave', 'reviews', 'Amazon', 'üòéüòéüòé']"
6,"RT @JudithArnopp: As King Henry VI slips into insanity, a child is married to the mad king's brother ...

https://t.co/MuZibnaZat

#Tudor #‚Ä¶","RT  As King Henry VI slips into insanity, a child is married to the mad king's brother ...

https://t.co/MuZibnaZat

#Tudor #‚Ä¶","RT  As King Henry VI slips into insanity, a child is married to the mad king's brother ...



#Tudor #‚Ä¶","  As King Henry VI slips into insanity, a child is married to the mad king's brother ...



#udor #‚Ä¶","  As King Henry VI slips into insanity a child is married to the mad kings brother 



udor ‚Ä¶","['As', 'King', 'Henry', 'VI', 'slips', 'insanity', 'child', 'married', 'mad', 'kings', 'brother', 'udor', '‚Ä¶']"
7,RT @tracesofswift: my cat got surgery and she kept tearing off her surgical cone so we got her a cone from amazon that‚Äôs a piece of bread h‚Ä¶,RT  my cat got surgery and she kept tearing off her surgical cone so we got her a cone from amazon that‚Äôs a piece of bread h‚Ä¶,RT  my cat got surgery and she kept tearing off her surgical cone so we got her a cone from amazon that‚Äôs a piece of bread h‚Ä¶,  my cat got surgery and she kept tearing off her surgical cone so we got her a cone from amazon that‚Äôs a piece of bread h‚Ä¶,  my cat got surgery and she kept tearing off her surgical cone so we got her a cone from amazon that‚Äôs a piece of bread h‚Ä¶,"['cat', 'got', 'surgery', 'kept', 'tearing', 'surgical', 'cone', 'got', 'cone', 'amazon', 'that‚Äôs', 'piece', 'bread', 'h‚Ä¶']"
8,RT @tracesofswift: my cat got surgery and she kept tearing off her surgical cone so we got her a cone from amazon that‚Äôs a piece of bread h‚Ä¶,RT  my cat got surgery and she kept tearing off her surgical cone so we got her a cone from amazon that‚Äôs a piece of bread h‚Ä¶,RT  my cat got surgery and she kept tearing off her surgical cone so we got her a cone from amazon that‚Äôs a piece of bread h‚Ä¶,  my cat got surgery and she kept tearing off her surgical cone so we got her a cone from amazon that‚Äôs a piece of bread h‚Ä¶,  my cat got surgery and she kept tearing off her surgical cone so we got her a cone from amazon that‚Äôs a piece of bread h‚Ä¶,"['cat', 'got', 'surgery', 'kept', 'tearing', 'surgical', 'cone', 'got', 'cone', 'amazon', 'that‚Äôs', 'piece', 'bread', 'h‚Ä¶']"
9,RT @tracesofswift: my cat got surgery and she kept tearing off her surgical cone so we got her a cone from amazon that‚Äôs a piece of bread h‚Ä¶,RT  my cat got surgery and she kept tearing off her surgical cone so we got her a cone from amazon that‚Äôs a piece of bread h‚Ä¶,RT  my cat got surgery and she kept tearing off her surgical cone so we got her a cone from amazon that‚Äôs a piece of bread h‚Ä¶,  my cat got surgery and she kept tearing off her surgical cone so we got her a cone from amazon that‚Äôs a piece of bread h‚Ä¶,  my cat got surgery and she kept tearing off her surgical cone so we got her a cone from amazon that‚Äôs a piece of bread h‚Ä¶,"['cat', 'got', 'surgery', 'kept', 'tearing', 'surgical', 'cone', 'got', 'cone', 'amazon', 'that‚Äôs', 'piece', 'bread', 'h‚Ä¶']"
10,Great escapism! Read #FREE w #KindleUnlimited! KILL AND RUN steps up several levels into an exciting category all i‚Ä¶ https://t.co/bZSP1QN1hW,Great escapism! Read #FREE w #KindleUnlimited! KILL AND RUN steps up several levels into an exciting category all i‚Ä¶ https://t.co/bZSP1QN1hW,Great escapism! Read #FREE w #KindleUnlimited! KILL AND RUN steps up several levels into an exciting category all i‚Ä¶ ,Great escapism! ead #FEE w #KindleUnlimited! KILL AND UN steps up several levels into an exciting category all i‚Ä¶ ,Great escapism ead FEE w KindleUnlimited KILL AND UN steps up several levels into an exciting category all i‚Ä¶ ,"['Great', 'escapism', 'ead', 'FEE', 'w', 'KindleUnlimited', 'KILL', 'AND', 'UN', 'steps', 'several', 'levels', 'exciting', 'category', 'i‚Ä¶']"
11,"Amazon pay for any new affiliate! register at https://t.co/aQVe5Miaq3 March 07, 2020 at 10:00AM","Amazon pay for any new affiliate! register at https://t.co/aQVe5Miaq3 March 07, 2020 at 10:00AM","Amazon pay for any new affiliate! register at  March 07, 2020 at 10:00AM","Amazon pay for any new affiliate! register at  March ,  at :AM",Amazon pay for any new affiliate register at  March   at AM,"['Amazon', 'pay', 'new', 'affiliate', 'register', 'March', 'AM']"
12,"Last year's Amazon fires were devastating. But how do their numbers compare to the 2001-18 yearly average? 
Brazil‚Ä¶ https://t.co/b7CSiMQOEI","Last year's Amazon fires were devastating. But how do their numbers compare to the 2001-18 yearly average? 
Brazil‚Ä¶ https://t.co/b7CSiMQOEI","Last year's Amazon fires were devastating. But how do their numbers compare to the 2001-18 yearly average? 
Brazil‚Ä¶ ","Last year's Amazon fires were devastating. But how do their numbers compare to the - yearly average? 
Brazil‚Ä¶ ","Last years Amazon fires were devastating But how do their numbers compare to the  yearly average 
Brazil‚Ä¶ ","['Last', 'years', 'Amazon', 'fires', 'devastating', 'But', 'numbers', 'compare', 'yearly', 'average', 'Brazil‚Ä¶']"
13,"RT @lauvsongs: three stories tall, thank u @amazonmusic for all the love ü•∞

https://t.co/xGTpOYyMAR https://t.co/U6ImHShC4q","RT  three stories tall, thank u  for all the love ü•∞

https://t.co/xGTpOYyMAR https://t.co/U6ImHShC4q","RT  three stories tall, thank u  for all the love ü•∞

 ","  three stories tall, thank u  for all the love ü•∞

 ","  three stories tall thank u  for all the love ü•∞

 ","['three', 'stories', 'tall', 'thank', 'u', 'love', 'ü•∞']"
14,RT @tracesofswift: my cat got surgery and she kept tearing off her surgical cone so we got her a cone from amazon that‚Äôs a piece of bread h‚Ä¶,RT  my cat got surgery and she kept tearing off her surgical cone so we got her a cone from amazon that‚Äôs a piece of bread h‚Ä¶,RT  my cat got surgery and she kept tearing off her surgical cone so we got her a cone from amazon that‚Äôs a piece of bread h‚Ä¶,  my cat got surgery and she kept tearing off her surgical cone so we got her a cone from amazon that‚Äôs a piece of bread h‚Ä¶,  my cat got surgery and she kept tearing off her surgical cone so we got her a cone from amazon that‚Äôs a piece of bread h‚Ä¶,"['cat', 'got', 'surgery', 'kept', 'tearing', 'surgical', 'cone', 'got', 'cone', 'amazon', 'that‚Äôs', 'piece', 'bread', 'h‚Ä¶']"
15,"It's the last day to download The Sah'niir, the second book of my adult fantasy trilogy, for free on Kindle &amp; Kindl‚Ä¶ https://t.co/hBB2JgThGr","It's the last day to download The Sah'niir, the second book of my adult fantasy trilogy, for free on Kindle &amp; Kindl‚Ä¶ https://t.co/hBB2JgThGr","It's the last day to download The Sah'niir, the second book of my adult fantasy trilogy, for free on Kindle &amp; Kindl‚Ä¶ ","It's the last day to download he Sah'niir, the second book of my adult fantasy trilogy, for free on Kindle &amp; Kindl‚Ä¶ ",Its the last day to download he Sahniir the second book of my adult fantasy trilogy for free on Kindle amp Kindl‚Ä¶ ,"['Its', 'last', 'day', 'download', 'Sahniir', 'second', 'book', 'adult', 'fantasy', 'trilogy', 'free', 'Kindle', 'amp', 'Kindl‚Ä¶']"
16,"RT @AuthorEllie: Hi all, it is that time when I go away for the #weekend I hope you all have a safe and wonderful weekend. Thank you for al‚Ä¶","RT  Hi all, it is that time when I go away for the #weekend I hope you all have a safe and wonderful weekend. Thank you for al‚Ä¶","RT  Hi all, it is that time when I go away for the #weekend I hope you all have a safe and wonderful weekend. Thank you for al‚Ä¶","  Hi all, it is that time when I go away for the #weekend I hope you all have a safe and wonderful weekend. hank you for al‚Ä¶",  Hi all it is that time when I go away for the weekend I hope you all have a safe and wonderful weekend hank you for al‚Ä¶,"['Hi', 'time', 'I', 'go', 'away', 'weekend', 'I', 'hope', 'safe', 'wonderful', 'weekend', 'hank', 'al‚Ä¶']"
17,RT @timwalker1666: What happened after the Romans abandoned their province of Britannia? Some call it our first Brexit... the adventure sta‚Ä¶,RT  What happened after the Romans abandoned their province of Britannia? Some call it our first Brexit... the adventure sta‚Ä¶,RT  What happened after the Romans abandoned their province of Britannia? Some call it our first Brexit... the adventure sta‚Ä¶,  What happened after the omans abandoned their province of Britannia? Some call it our first Brexit... the adventure sta‚Ä¶,  What happened after the omans abandoned their province of Britannia Some call it our first Brexit the adventure sta‚Ä¶,"['What', 'happened', 'omans', 'abandoned', 'province', 'Britannia', 'Some', 'call', 'first', 'Brexit', 'adventure', 'sta‚Ä¶']"
18,"RT @paul_cude: Lost secrets &amp; untold lore come to light, while sinister forces attempt to steal much coveted #magic in this unputdownable #‚Ä¶","RT  Lost secrets &amp; untold lore come to light, while sinister forces attempt to steal much coveted #magic in this unputdownable #‚Ä¶","RT  Lost secrets &amp; untold lore come to light, while sinister forces attempt to steal much coveted #magic in this unputdownable #‚Ä¶","  Lost secrets &amp; untold lore come to light, while sinister forces attempt to steal much coveted #magic in this unputdownable #‚Ä¶",  Lost secrets amp untold lore come to light while sinister forces attempt to steal much coveted magic in this unputdownable ‚Ä¶,"['Lost', 'secrets', 'amp', 'untold', 'lore', 'come', 'light', 'sinister', 'forces', 'attempt', 'steal', 'much', 'coveted', 'magic', 'unputdownable', '‚Ä¶']"
19,"'As always the main characters fizz and entrance, with underdogs and divas, harassed hunks and devilishly attractiv‚Ä¶ https://t.co/MlFr7BN037","'As always the main characters fizz and entrance, with underdogs and divas, harassed hunks and devilishly attractiv‚Ä¶ https://t.co/MlFr7BN037","'As always the main characters fizz and entrance, with underdogs and divas, harassed hunks and devilishly attractiv‚Ä¶ ","'As always the main characters fizz and entrance, with underdogs and divas, harassed hunks and devilishly attractiv‚Ä¶ ",As always the main characters fizz and entrance with underdogs and divas harassed hunks and devilishly attractiv‚Ä¶ ,"['As', 'always', 'main', 'characters', 'fizz', 'entrance', 'underdogs', 'divas', 'harassed', 'hunks', 'devilishly', 'attractiv‚Ä¶']"
20,"THE NEW SAM DAGGETT ~  by @wendygill70

On her father's death, Sadie is freed from the clutches of gang member Loui‚Ä¶ https://t.co/YewD3Zi5TK","THE NEW SAM DAGGETT ~  by 

On her father's death, Sadie is freed from the clutches of gang member Loui‚Ä¶ https://t.co/YewD3Zi5TK","THE NEW SAM DAGGETT ~  by 

On her father's death, Sadie is freed from the clutches of gang member Loui‚Ä¶ ","HE NEW SAM DAGGE ~  by 

On her father's death, Sadie is freed from the clutches of gang member Loui‚Ä¶ ","HE NEW SAM DAGGE   by 

On her fathers death Sadie is freed from the clutches of gang member Loui‚Ä¶ ","['HE', 'NEW', 'SAM', 'DAGGE', 'On', 'fathers', 'death', 'Sadie', 'freed', 'clutches', 'gang', 'member', 'Loui‚Ä¶']"
21,RT @tracesofswift: my cat got surgery and she kept tearing off her surgical cone so we got her a cone from amazon that‚Äôs a piece of bread h‚Ä¶,RT  my cat got surgery and she kept tearing off her surgical cone so we got her a cone from amazon that‚Äôs a piece of bread h‚Ä¶,RT  my cat got surgery and she kept tearing off her surgical cone so we got her a cone from amazon that‚Äôs a piece of bread h‚Ä¶,  my cat got surgery and she kept tearing off her surgical cone so we got her a cone from amazon that‚Äôs a piece of bread h‚Ä¶,  my cat got surgery and she kept tearing off her surgical cone so we got her a cone from amazon that‚Äôs a piece of bread h‚Ä¶,"['cat', 'got', 'surgery', 'kept', 'tearing', 'surgical', 'cone', 'got', 'cone', 'amazon', 'that‚Äôs', 'piece', 'bread', 'h‚Ä¶']"
22,"@ptgsehun Here's your cloud! If you're looking for gift ideas, Cloud Bot recommends this: https://t.co/sV1ngl1033 https://t.co/wQDckVIC42"," Here's your cloud! If you're looking for gift ideas, Cloud Bot recommends this: https://t.co/sV1ngl1033 https://t.co/wQDckVIC42"," Here's your cloud! If you're looking for gift ideas, Cloud Bot recommends this:  "," Here's your cloud! If you're looking for gift ideas, Cloud Bot recommends this:  ", Heres your cloud If youre looking for gift ideas Cloud Bot recommends this  ,"['Heres', 'cloud', 'If', 'youre', 'looking', 'gift', 'ideas', 'Cloud', 'Bot', 'recommends']"
23,"Reader Ready Award Honorable Mention

The Man Who Loves Watches is available at https://t.co/OrDYo9zbFS 

 #award‚Ä¶ https://t.co/m3mKz1Fgce","Reader Ready Award Honorable Mention

The Man Who Loves Watches is available at https://t.co/OrDYo9zbFS 

 #award‚Ä¶ https://t.co/m3mKz1Fgce","Reader Ready Award Honorable Mention

The Man Who Loves Watches is available at  

 #award‚Ä¶ ","eader eady Award Honorable Mention

he Man Who Loves Watches is available at  

 #award‚Ä¶ ","eader eady Award Honorable Mention

he Man Who Loves Watches is available at  

 award‚Ä¶ ","['eader', 'eady', 'Award', 'Honorable', 'Mention', 'Man', 'Who', 'Loves', 'Watches', 'available', 'award‚Ä¶']"
24,RT @tracesofswift: my cat got surgery and she kept tearing off her surgical cone so we got her a cone from amazon that‚Äôs a piece of bread h‚Ä¶,RT  my cat got surgery and she kept tearing off her surgical cone so we got her a cone from amazon that‚Äôs a piece of bread h‚Ä¶,RT  my cat got surgery and she kept tearing off her surgical cone so we got her a cone from amazon that‚Äôs a piece of bread h‚Ä¶,  my cat got surgery and she kept tearing off her surgical cone so we got her a cone from amazon that‚Äôs a piece of bread h‚Ä¶,  my cat got surgery and she kept tearing off her surgical cone so we got her a cone from amazon that‚Äôs a piece of bread h‚Ä¶,"['cat', 'got', 'surgery', 'kept', 'tearing', 'surgical', 'cone', 'got', 'cone', 'amazon', 'that‚Äôs', 'piece', 'bread', 'h‚Ä¶']"
25,RT @wbellauthor: #Terrorist Pentagon mole targets Navy nukes for theft! Read SNOWFLAKES IN JULY: https://t.co/F4q1st1sNf #thriller #ASMSG #‚Ä¶,RT  #Terrorist Pentagon mole targets Navy nukes for theft! Read SNOWFLAKES IN JULY: https://t.co/F4q1st1sNf #thriller #ASMSG #‚Ä¶,RT  #Terrorist Pentagon mole targets Navy nukes for theft! Read SNOWFLAKES IN JULY:  #thriller #ASMSG #‚Ä¶,  #errorist Pentagon mole targets Navy nukes for theft! ead SNOWFLAKES IN JULY:  #thriller #ASMSG #‚Ä¶,  errorist Pentagon mole targets Navy nukes for theft ead SNOWFLAKES IN JULY  thriller ASMSG ‚Ä¶,"['errorist', 'Pentagon', 'mole', 'targets', 'Navy', 'nukes', 'theft', 'ead', 'SNOWFLAKES', 'IN', 'JULY', 'thriller', 'ASMSG', '‚Ä¶']"
26,Crayola Baby Shark Coloring Pages &amp; Stickers $4.99 https://t.co/90lOpPa45n at #Amazon https://t.co/mulBT9Nl8C,Crayola Baby Shark Coloring Pages &amp; Stickers $4.99 https://t.co/90lOpPa45n at #Amazon https://t.co/mulBT9Nl8C,Crayola Baby Shark Coloring Pages &amp; Stickers $4.99  at #Amazon ,Crayola Baby Shark Coloring Pages &amp; Stickers $.  at #Amazon ,Crayola Baby Shark Coloring Pages amp Stickers   at Amazon ,"['Crayola', 'Baby', 'Shark', 'Coloring', 'Pages', 'amp', 'Stickers', 'Amazon']"
27,"Amazon says it has removed 530,000 offers from the marketplace for coronavirus-based price gouging and suspended mo‚Ä¶ https://t.co/grNCu3Unjz","Amazon says it has removed 530,000 offers from the marketplace for coronavirus-based price gouging and suspended mo‚Ä¶ https://t.co/grNCu3Unjz","Amazon says it has removed 530,000 offers from the marketplace for coronavirus-based price gouging and suspended mo‚Ä¶ ","Amazon says it has removed , offers from the marketplace for coronavirus-based price gouging and suspended mo‚Ä¶ ",Amazon says it has removed  offers from the marketplace for coronavirusbased price gouging and suspended mo‚Ä¶ ,"['Amazon', 'says', 'removed', 'offers', 'marketplace', 'coronavirusbased', 'price', 'gouging', 'suspended', 'mo‚Ä¶']"
28,Always like seeing another satisfied customer (who doesn‚Äôt). #readingcommunity #WritingCommunity #blackwoodnovel is‚Ä¶ https://t.co/bT8PegabfV,Always like seeing another satisfied customer (who doesn‚Äôt). #readingcommunity #WritingCommunity #blackwoodnovel is‚Ä¶ https://t.co/bT8PegabfV,Always like seeing another satisfied customer (who doesn‚Äôt). #readingcommunity #WritingCommunity #blackwoodnovel is‚Ä¶ ,Always like seeing another satisfied customer (who doesn‚Äôt). #readingcommunity #WritingCommunity #blackwoodnovel is‚Ä¶ ,Always like seeing another satisfied customer who doesn‚Äôt readingcommunity WritingCommunity blackwoodnovel is‚Ä¶ ,"['Always', 'like', 'seeing', 'another', 'satisfied', 'customer', 'doesn‚Äôt', 'readingcommunity', 'WritingCommunity', 'blackwoodnovel', 'is‚Ä¶']"
29,"Huge Tide Pod Sale!!!!

Get an 81 Count of Tide Pods for $17.17!!!!

Clip the #coupon!!!

Original

Spring Meadow‚Ä¶ https://t.co/udOUElNQhZ","Huge Tide Pod Sale!!!!

Get an 81 Count of Tide Pods for $17.17!!!!

Clip the #coupon!!!

Original

Spring Meadow‚Ä¶ https://t.co/udOUElNQhZ","Huge Tide Pod Sale!!!!

Get an 81 Count of Tide Pods for $17.17!!!!

Clip the #coupon!!!

Original

Spring Meadow‚Ä¶ ","Huge ide Pod Sale!!!!

Get an  Count of ide Pods for $.!!!!

Clip the #coupon!!!

Original

Spring Meadow‚Ä¶ ","Huge ide Pod Sale

Get an  Count of ide Pods for 

Clip the coupon

Original

Spring Meadow‚Ä¶ ","['Huge', 'ide', 'Pod', 'Sale', 'Get', 'Count', 'ide', 'Pods', 'Clip', 'coupon', 'Original', 'Spring', 'Meadow‚Ä¶']"
30,"Twist, Turns, Secrets, Lies #booklovers #books #romance #Romance #coffeetime #fantasy #weekendread #bookbloggers‚Ä¶ https://t.co/uGvDCpNwx7","Twist, Turns, Secrets, Lies #booklovers #books #romance #Romance #coffeetime #fantasy #weekendread #bookbloggers‚Ä¶ https://t.co/uGvDCpNwx7","Twist, Turns, Secrets, Lies #booklovers #books #romance #Romance #coffeetime #fantasy #weekendread #bookbloggers‚Ä¶ ","wist, urns, Secrets, Lies #booklovers #books #romance #omance #coffeetime #fantasy #weekendread #bookbloggers‚Ä¶ ",wist urns Secrets Lies booklovers books romance omance coffeetime fantasy weekendread bookbloggers‚Ä¶ ,"['wist', 'urns', 'Secrets', 'Lies', 'booklovers', 'books', 'romance', 'omance', 'coffeetime', 'fantasy', 'weekendread', 'bookbloggers‚Ä¶']"
31,#TheAgapeMusicGroup‚Äã featured in ‚Äã#MusicLov3rz‚Äã ‚Äã#WW‚Äã Magazine March ‚Äã#DebutSingle‚Äã ‚Äã#TheWait‚Äã ‚Äã‚Ä¶ https://t.co/8mehSX1wyO,#TheAgapeMusicGroup‚Äã featured in ‚Äã#MusicLov3rz‚Äã ‚Äã#WW‚Äã Magazine March ‚Äã#DebutSingle‚Äã ‚Äã#TheWait‚Äã ‚Äã‚Ä¶ https://t.co/8mehSX1wyO,#TheAgapeMusicGroup‚Äã featured in ‚Äã#MusicLov3rz‚Äã ‚Äã#WW‚Äã Magazine March ‚Äã#DebutSingle‚Äã ‚Äã#TheWait‚Äã ‚Äã‚Ä¶ ,#heAgapeMusicGroup‚Äã featured in ‚Äã#MusicLovrz‚Äã ‚Äã#WW‚Äã Magazine March ‚Äã#DebutSingle‚Äã ‚Äã#heWait‚Äã ‚Äã‚Ä¶ ,heAgapeMusicGroup‚Äã featured in ‚ÄãMusicLovrz‚Äã ‚ÄãWW‚Äã Magazine March ‚ÄãDebutSingle‚Äã ‚ÄãheWait‚Äã ‚Äã‚Ä¶ ,"['heAgapeMusicGroup\u200b', 'featured', '\u200bMusicLovrz\u200b', '\u200bWW\u200b', 'Magazine', 'March', '\u200bDebutSingle\u200b', '\u200bheWait\u200b', '\u200b‚Ä¶']"
32,RT @tracesofswift: my cat got surgery and she kept tearing off her surgical cone so we got her a cone from amazon that‚Äôs a piece of bread h‚Ä¶,RT  my cat got surgery and she kept tearing off her surgical cone so we got her a cone from amazon that‚Äôs a piece of bread h‚Ä¶,RT  my cat got surgery and she kept tearing off her surgical cone so we got her a cone from amazon that‚Äôs a piece of bread h‚Ä¶,  my cat got surgery and she kept tearing off her surgical cone so we got her a cone from amazon that‚Äôs a piece of bread h‚Ä¶,  my cat got surgery and she kept tearing off her surgical cone so we got her a cone from amazon that‚Äôs a piece of bread h‚Ä¶,"['cat', 'got', 'surgery', 'kept', 'tearing', 'surgical', 'cone', 'got', 'cone', 'amazon', 'that‚Äôs', 'piece', 'bread', 'h‚Ä¶']"
33,finding the Asian versions of Amazon was the best thing to happen to me.,finding the Asian versions of Amazon was the best thing to happen to me.,finding the Asian versions of Amazon was the best thing to happen to me.,finding the Asian versions of Amazon was the best thing to happen to me.,finding the Asian versions of Amazon was the best thing to happen to me,"['finding', 'Asian', 'versions', 'Amazon', 'best', 'thing', 'happen']"
34,"RT @AllOnFire: Book Lovers Print for Readers Silicone Drink Beverage Coaster 4 Pack by LE Prints
Ÿ©(Àò‚ó°Àò)€∂
https://t.co/aZl5FKlPYP https://t.‚Ä¶","RT  Book Lovers Print for Readers Silicone Drink Beverage Coaster 4 Pack by LE Prints
Ÿ©(Àò‚ó°Àò)€∂
https://t.co/aZl5FKlPYP https://t.‚Ä¶","RT  Book Lovers Print for Readers Silicone Drink Beverage Coaster 4 Pack by LE Prints
Ÿ©(Àò‚ó°Àò)€∂
 ","  Book Lovers Print for eaders Silicone Drink Beverage Coaster  Pack by LE Prints
Ÿ©(Àò‚ó°Àò)€∂
 ","  Book Lovers Print for eaders Silicone Drink Beverage Coaster  Pack by LE Prints
Ÿ©Àò‚ó°Àò€∂
 ","['Book', 'Lovers', 'Print', 'eaders', 'Silicone', 'Drink', 'Beverage', 'Coaster', 'Pack', 'LE', 'Prints', 'Ÿ©Àò‚ó°Àò€∂']"
35,"RT @ai_valentin: Oh, for fuck's sake.

Alcohol prep wipes for injections are all sold out on Amazon. Because people are fucking hoarding an‚Ä¶","RT  Oh, for fuck's sake.

Alcohol prep wipes for injections are all sold out on Amazon. Because people are fucking hoarding an‚Ä¶","RT  Oh, for fuck's sake.

Alcohol prep wipes for injections are all sold out on Amazon. Because people are fucking hoarding an‚Ä¶","  Oh, for fuck's sake.

Alcohol prep wipes for injections are all sold out on Amazon. Because people are fucking hoarding an‚Ä¶","  Oh for fucks sake

Alcohol prep wipes for injections are all sold out on Amazon Because people are fucking hoarding an‚Ä¶","['Oh', 'fucks', 'sake', 'Alcohol', 'prep', 'wipes', 'injections', 'sold', 'Amazon', 'Because', 'people', 'fucking', 'hoarding', 'an‚Ä¶']"
36,"RT @chrisderrick1: Receiving a book review is always a highlight.
What will it say??
A favourable assessment of a project which likely cons‚Ä¶","RT  Receiving a book review is always a highlight.
What will it say??
A favourable assessment of a project which likely cons‚Ä¶","RT  Receiving a book review is always a highlight.
What will it say??
A favourable assessment of a project which likely cons‚Ä¶","  eceiving a book review is always a highlight.
What will it say??
A favourable assessment of a project which likely cons‚Ä¶","  eceiving a book review is always a highlight
What will it say
A favourable assessment of a project which likely cons‚Ä¶","['eceiving', 'book', 'review', 'always', 'highlight', 'What', 'say', 'A', 'favourable', 'assessment', 'project', 'likely', 'cons‚Ä¶']"
37,#GeraldHarris‚Äã ‚Äã@heety44‚Äã Featured in ‚Äã#MusicLov3rz‚Äã April - Front Cover! ‚Äã#NewAlbum‚Äã coming soon ‚Äã‚Ä¶ https://t.co/AWDhslpUfs,#GeraldHarris‚Äã ‚Äã Featured in ‚Äã#MusicLov3rz‚Äã April - Front Cover! ‚Äã#NewAlbum‚Äã coming soon ‚Äã‚Ä¶ https://t.co/AWDhslpUfs,#GeraldHarris‚Äã ‚Äã Featured in ‚Äã#MusicLov3rz‚Äã April - Front Cover! ‚Äã#NewAlbum‚Äã coming soon ‚Äã‚Ä¶ ,#GeraldHarris‚Äã ‚Äã Featured in ‚Äã#MusicLovrz‚Äã April - Front Cover! ‚Äã#NewAlbum‚Äã coming soon ‚Äã‚Ä¶ ,GeraldHarris‚Äã ‚Äã Featured in ‚ÄãMusicLovrz‚Äã April  Front Cover ‚ÄãNewAlbum‚Äã coming soon ‚Äã‚Ä¶ ,"['GeraldHarris\u200b', '\u200b', 'Featured', '\u200bMusicLovrz\u200b', 'April', 'Front', 'Cover', '\u200bNewAlbum\u200b', 'coming', 'soon', '\u200b‚Ä¶']"
38,Amazon says it has pulled more than 1 million products for price gouging or falsely advertising effectiveness again‚Ä¶ https://t.co/yUruWw1aKq,Amazon says it has pulled more than 1 million products for price gouging or falsely advertising effectiveness again‚Ä¶ https://t.co/yUruWw1aKq,Amazon says it has pulled more than 1 million products for price gouging or falsely advertising effectiveness again‚Ä¶ ,Amazon says it has pulled more than  million products for price gouging or falsely advertising effectiveness again‚Ä¶ ,Amazon says it has pulled more than  million products for price gouging or falsely advertising effectiveness again‚Ä¶ ,"['Amazon', 'says', 'pulled', 'million', 'products', 'price', 'gouging', 'falsely', 'advertising', 'effectiveness', 'again‚Ä¶']"
39,"Huge Tide Pod Sale!!!!

Get an 81 Count of Tide Pods for $17.17!!!!

Clip the coupon!!!

Original‚Ä¶ https://t.co/o2IKvpQLuz","Huge Tide Pod Sale!!!!

Get an 81 Count of Tide Pods for $17.17!!!!

Clip the coupon!!!

Original‚Ä¶ https://t.co/o2IKvpQLuz","Huge Tide Pod Sale!!!!

Get an 81 Count of Tide Pods for $17.17!!!!

Clip the coupon!!!

Original‚Ä¶ ","Huge ide Pod Sale!!!!

Get an  Count of ide Pods for $.!!!!

Clip the coupon!!!

Original‚Ä¶ ","Huge ide Pod Sale

Get an  Count of ide Pods for 

Clip the coupon

Original‚Ä¶ ","['Huge', 'ide', 'Pod', 'Sale', 'Get', 'Count', 'ide', 'Pods', 'Clip', 'coupon', 'Original‚Ä¶']"
40,Save 20% on 1st MEL Chemistry box: science subscription for #kids #givemecheapstuff #deals https://t.co/8yOPi8Bjve https://t.co/87znFwZ7KR,Save 20% on 1st MEL Chemistry box: science subscription for #kids #givemecheapstuff #deals https://t.co/8yOPi8Bjve https://t.co/87znFwZ7KR,Save 20% on 1st MEL Chemistry box: science subscription for #kids #givemecheapstuff #deals  ,Save % on st MEL Chemistry box: science subscription for #kids #givemecheapstuff #deals  ,Save  on st MEL Chemistry box science subscription for kids givemecheapstuff deals  ,"['Save', 'st', 'MEL', 'Chemistry', 'box', 'science', 'subscription', 'kids', 'givemecheapstuff', 'deals']"
41,"RT @wbellauthor: #Aussie leads #ARVN rangers to rescue besieged #Seabees in the Vietnam War!
Read ASPHALT &amp; BLOOD: https://t.co/osEwuqx7oO‚Ä¶","RT  #Aussie leads #ARVN rangers to rescue besieged #Seabees in the Vietnam War!
Read ASPHALT &amp; BLOOD: https://t.co/osEwuqx7oO‚Ä¶","RT  #Aussie leads #ARVN rangers to rescue besieged #Seabees in the Vietnam War!
Read ASPHALT &amp; BLOOD: ","  #Aussie leads #AVN rangers to rescue besieged #Seabees in the Vietnam War!
ead ASPHAL &amp; BLOOD: ","  Aussie leads AVN rangers to rescue besieged Seabees in the Vietnam War
ead ASPHAL amp BLOOD ","['Aussie', 'leads', 'AVN', 'rangers', 'rescue', 'besieged', 'Seabees', 'Vietnam', 'War', 'ead', 'ASPHAL', 'amp', 'BLOOD']"
42,"RT @JudithArnopp: OUT NOW IN #Kindle #Paperback #NewRelease

https://t.co/HzGw5ViwwX
https://t.co/ch1RWrfumv https://t.co/G4pTRePrI0","RT  OUT NOW IN #Kindle #Paperback #NewRelease

https://t.co/HzGw5ViwwX
https://t.co/ch1RWrfumv https://t.co/G4pTRePrI0","RT  OUT NOW IN #Kindle #Paperback #NewRelease


 ","  OU NOW IN #Kindle #Paperback #Newelease


 ","  OU NOW IN Kindle Paperback Newelease


 ","['OU', 'NOW', 'IN', 'Kindle', 'Paperback', 'Newelease']"
43,Amazon is struggling to tackle virus price gouging: Here‚Äôs why https://t.co/PbJtkli0cZ,Amazon is struggling to tackle virus price gouging: Here‚Äôs why https://t.co/PbJtkli0cZ,Amazon is struggling to tackle virus price gouging: Here‚Äôs why ,Amazon is struggling to tackle virus price gouging: Here‚Äôs why ,Amazon is struggling to tackle virus price gouging Here‚Äôs why ,"['Amazon', 'struggling', 'tackle', 'virus', 'price', 'gouging', 'Here‚Äôs']"
44,RT @tracesofswift: my cat got surgery and she kept tearing off her surgical cone so we got her a cone from amazon that‚Äôs a piece of bread h‚Ä¶,RT  my cat got surgery and she kept tearing off her surgical cone so we got her a cone from amazon that‚Äôs a piece of bread h‚Ä¶,RT  my cat got surgery and she kept tearing off her surgical cone so we got her a cone from amazon that‚Äôs a piece of bread h‚Ä¶,  my cat got surgery and she kept tearing off her surgical cone so we got her a cone from amazon that‚Äôs a piece of bread h‚Ä¶,  my cat got surgery and she kept tearing off her surgical cone so we got her a cone from amazon that‚Äôs a piece of bread h‚Ä¶,"['cat', 'got', 'surgery', 'kept', 'tearing', 'surgical', 'cone', 'got', 'cone', 'amazon', 'that‚Äôs', 'piece', 'bread', 'h‚Ä¶']"
45,RT @tracesofswift: my cat got surgery and she kept tearing off her surgical cone so we got her a cone from amazon that‚Äôs a piece of bread h‚Ä¶,RT  my cat got surgery and she kept tearing off her surgical cone so we got her a cone from amazon that‚Äôs a piece of bread h‚Ä¶,RT  my cat got surgery and she kept tearing off her surgical cone so we got her a cone from amazon that‚Äôs a piece of bread h‚Ä¶,  my cat got surgery and she kept tearing off her surgical cone so we got her a cone from amazon that‚Äôs a piece of bread h‚Ä¶,  my cat got surgery and she kept tearing off her surgical cone so we got her a cone from amazon that‚Äôs a piece of bread h‚Ä¶,"['cat', 'got', 'surgery', 'kept', 'tearing', 'surgical', 'cone', 'got', 'cone', 'amazon', 'that‚Äôs', 'piece', 'bread', 'h‚Ä¶']"
46,Starting an Amazon Business (How to Sell on Amazon Guide) https://t.co/dvSCPm9mpY,Starting an Amazon Business (How to Sell on Amazon Guide) https://t.co/dvSCPm9mpY,Starting an Amazon Business (How to Sell on Amazon Guide) ,Starting an Amazon Business (How to Sell on Amazon Guide) ,Starting an Amazon Business How to Sell on Amazon Guide ,"['Starting', 'Amazon', 'Business', 'How', 'Sell', 'Amazon', 'Guide']"
47,RT @JamesLovesMGLit: Only a couple of hours left to download my funny middle grade space adventure‚ö°Max Voltage: Multivese Mayhem‚ö°for FREE!‚Ä¶,RT  Only a couple of hours left to download my funny middle grade space adventure‚ö°Max Voltage: Multivese Mayhem‚ö°for FREE!‚Ä¶,RT  Only a couple of hours left to download my funny middle grade space adventure‚ö°Max Voltage: Multivese Mayhem‚ö°for FREE!‚Ä¶,  Only a couple of hours left to download my funny middle grade space adventure‚ö°Max Voltage: Multivese Mayhem‚ö°for FEE!‚Ä¶,  Only a couple of hours left to download my funny middle grade space adventure‚ö°Max Voltage Multivese Mayhem‚ö°for FEE‚Ä¶,"['Only', 'couple', 'hours', 'left', 'download', 'funny', 'middle', 'grade', 'space', 'adventure‚ö°Max', 'Voltage', 'Multivese', 'Mayhem‚ö°for', 'FEE‚Ä¶']"
48,RT @tracesofswift: my cat got surgery and she kept tearing off her surgical cone so we got her a cone from amazon that‚Äôs a piece of bread h‚Ä¶,RT  my cat got surgery and she kept tearing off her surgical cone so we got her a cone from amazon that‚Äôs a piece of bread h‚Ä¶,RT  my cat got surgery and she kept tearing off her surgical cone so we got her a cone from amazon that‚Äôs a piece of bread h‚Ä¶,  my cat got surgery and she kept tearing off her surgical cone so we got her a cone from amazon that‚Äôs a piece of bread h‚Ä¶,  my cat got surgery and she kept tearing off her surgical cone so we got her a cone from amazon that‚Äôs a piece of bread h‚Ä¶,"['cat', 'got', 'surgery', 'kept', 'tearing', 'surgical', 'cone', 'got', 'cone', 'amazon', 'that‚Äôs', 'piece', 'bread', 'h‚Ä¶']"
49,"GDPR Complaint Against Amazon Alleges Email Security Failures, Could Cost the Company Billions in Fines‚Ä¶ https://t.co/IH6cvdxrGn","GDPR Complaint Against Amazon Alleges Email Security Failures, Could Cost the Company Billions in Fines‚Ä¶ https://t.co/IH6cvdxrGn","GDPR Complaint Against Amazon Alleges Email Security Failures, Could Cost the Company Billions in Fines‚Ä¶ ","GDP Complaint Against Amazon Alleges Email Security Failures, Could Cost the Company Billions in Fines‚Ä¶ ",GDP Complaint Against Amazon Alleges Email Security Failures Could Cost the Company Billions in Fines‚Ä¶ ,"['GDP', 'Complaint', 'Against', 'Amazon', 'Alleges', 'Email', 'Security', 'Failures', 'Could', 'Cost', 'Company', 'Billions', 'Fines‚Ä¶']"
50,"RT @susanmarymalone: ""The story is nothing like what I expected, but what a story it is. It‚Äôs charming and mystical with undercurrents of h‚Ä¶","RT  ""The story is nothing like what I expected, but what a story it is. It‚Äôs charming and mystical with undercurrents of h‚Ä¶","RT  ""The story is nothing like what I expected, but what a story it is. It‚Äôs charming and mystical with undercurrents of h‚Ä¶","  ""he story is nothing like what I expected, but what a story it is. It‚Äôs charming and mystical with undercurrents of h‚Ä¶",  he story is nothing like what I expected but what a story it is It‚Äôs charming and mystical with undercurrents of h‚Ä¶,"['story', 'nothing', 'like', 'I', 'expected', 'story', 'It‚Äôs', 'charming', 'mystical', 'undercurrents', 'h‚Ä¶']"
51,RT @author_jessica: Bad Boys in Love Series Book 1: Fernando https://t.co/PzF0OBch1L #mustread #bestselling #romance https://t.co/Kn2mTTCiXW,RT  Bad Boys in Love Series Book 1: Fernando https://t.co/PzF0OBch1L #mustread #bestselling #romance https://t.co/Kn2mTTCiXW,RT  Bad Boys in Love Series Book 1: Fernando  #mustread #bestselling #romance ,  Bad Boys in Love Series Book : Fernando  #mustread #bestselling #romance ,  Bad Boys in Love Series Book  Fernando  mustread bestselling romance ,"['Bad', 'Boys', 'Love', 'Series', 'Book', 'Fernando', 'mustread', 'bestselling', 'romance']"
52,Alien Love Secrets / #SteveVai https://t.co/4qgaWqmzcK #HardRock #HeavyMetal #„Ç¢„Éû„Çæ„É≥ #Amazon #AmazonJP,Alien Love Secrets / #SteveVai https://t.co/4qgaWqmzcK #HardRock #HeavyMetal #„Ç¢„Éû„Çæ„É≥ #Amazon #AmazonJP,Alien Love Secrets / #SteveVai  #HardRock #HeavyMetal #„Ç¢„Éû„Çæ„É≥ #Amazon #AmazonJP,Alien Love Secrets / #SteveVai  #Hardock #HeavyMetal #„Ç¢„Éû„Çæ„É≥ #Amazon #AmazonJP,Alien Love Secrets  SteveVai  Hardock HeavyMetal „Ç¢„Éû„Çæ„É≥ Amazon AmazonJP,"['Alien', 'Love', 'Secrets', 'SteveVai', 'Hardock', 'HeavyMetal', '„Ç¢„Éû„Çæ„É≥', 'Amazon', 'AmazonJP']"
53,Tofu Skin dried bean curd cut pieces 800 grams from China (‰∏≠ÂõΩËÖêÁâáÔºâ JOHNLEEMUSHR... https://t.co/rsfMt5IS4V Êù•Ëá™ @amazon,Tofu Skin dried bean curd cut pieces 800 grams from China (‰∏≠ÂõΩËÖêÁâáÔºâ JOHNLEEMUSHR... https://t.co/rsfMt5IS4V Êù•Ëá™ ,Tofu Skin dried bean curd cut pieces 800 grams from China (‰∏≠ÂõΩËÖêÁâáÔºâ JOHNLEEMUSHR...  Êù•Ëá™ ,ofu Skin dried bean curd cut pieces  grams from China (‰∏≠ÂõΩËÖêÁâáÔºâ JOHNLEEMUSH...  Êù•Ëá™ ,ofu Skin dried bean curd cut pieces  grams from China ‰∏≠ÂõΩËÖêÁâáÔºâ JOHNLEEMUSH  Êù•Ëá™ ,"['ofu', 'Skin', 'dried', 'bean', 'curd', 'cut', 'pieces', 'grams', 'China', '‰∏≠ÂõΩËÖêÁâáÔºâ', 'JOHNLEEMUSH', 'Êù•Ëá™']"
54,RT @tracesofswift: my cat got surgery and she kept tearing off her surgical cone so we got her a cone from amazon that‚Äôs a piece of bread h‚Ä¶,RT  my cat got surgery and she kept tearing off her surgical cone so we got her a cone from amazon that‚Äôs a piece of bread h‚Ä¶,RT  my cat got surgery and she kept tearing off her surgical cone so we got her a cone from amazon that‚Äôs a piece of bread h‚Ä¶,  my cat got surgery and she kept tearing off her surgical cone so we got her a cone from amazon that‚Äôs a piece of bread h‚Ä¶,  my cat got surgery and she kept tearing off her surgical cone so we got her a cone from amazon that‚Äôs a piece of bread h‚Ä¶,"['cat', 'got', 'surgery', 'kept', 'tearing', 'surgical', 'cone', 'got', 'cone', 'amazon', 'that‚Äôs', 'piece', 'bread', 'h‚Ä¶']"
55,"March 07, 2020 at 09:00AM Amazon Gift Card Giveaways https://t.co/P6JCQKVj21 https://t.co/EimgT0R9G8","March 07, 2020 at 09:00AM Amazon Gift Card Giveaways https://t.co/P6JCQKVj21 https://t.co/EimgT0R9G8","March 07, 2020 at 09:00AM Amazon Gift Card Giveaways  ","March ,  at :AM Amazon Gift Card Giveaways  ",March   at AM Amazon Gift Card Giveaways  ,"['March', 'AM', 'Amazon', 'Gift', 'Card', 'Giveaways']"
56,RT @JohnMetcalfe5: @HarvestlandBook Thanks for the opportunity. Please find a link to my debut novel https://t.co/zxZdVSOpGl #WriterLift #i‚Ä¶,RT   Thanks for the opportunity. Please find a link to my debut novel https://t.co/zxZdVSOpGl #WriterLift #i‚Ä¶,RT   Thanks for the opportunity. Please find a link to my debut novel  #WriterLift #i‚Ä¶,   hanks for the opportunity. Please find a link to my debut novel  #WriterLift #i‚Ä¶,   hanks for the opportunity Please find a link to my debut novel  WriterLift i‚Ä¶,"['hanks', 'opportunity', 'Please', 'find', 'link', 'debut', 'novel', 'WriterLift', 'i‚Ä¶']"
57,"#NP: Richard Allen/Billy D Demoya @MusicWorm2015 - RECKLESS HEART, -#NewMusic- Tune in and listen - Get it now on https://t.co/fVfyirWnQ8","#NP: Richard Allen/Billy D Demoya  - RECKLESS HEART, -#NewMusic- Tune in and listen - Get it now on https://t.co/fVfyirWnQ8","#NP: Richard Allen/Billy D Demoya  - RECKLESS HEART, -#NewMusic- Tune in and listen - Get it now on ","#NP: ichard Allen/Billy D Demoya  - ECKLESS HEA, -#NewMusic- une in and listen - Get it now on ",NP ichard AllenBilly D Demoya   ECKLESS HEA NewMusic une in and listen  Get it now on ,"['NP', 'ichard', 'AllenBilly', 'D', 'Demoya', 'ECKLESS', 'HEA', 'NewMusic', 'une', 'listen', 'Get']"
58,"RT @Bella623: Teggie Wants a Hippo for Christmas
A little bunny who wants an unusual present
eBook &amp; Print
https://t.co/gCD2ZqZF42
#ASMSG #‚Ä¶","RT  Teggie Wants a Hippo for Christmas
A little bunny who wants an unusual present
eBook &amp; Print
https://t.co/gCD2ZqZF42
#ASMSG #‚Ä¶","RT  Teggie Wants a Hippo for Christmas
A little bunny who wants an unusual present
eBook &amp; Print

#ASMSG #‚Ä¶","  eggie Wants a Hippo for Christmas
A little bunny who wants an unusual present
eBook &amp; Print

#ASMSG #‚Ä¶","  eggie Wants a Hippo for Christmas
A little bunny who wants an unusual present
eBook amp Print

ASMSG ‚Ä¶","['eggie', 'Wants', 'Hippo', 'Christmas', 'A', 'little', 'bunny', 'wants', 'unusual', 'present', 'eBook', 'amp', 'Print', 'ASMSG', '‚Ä¶']"
59,RT @pmartinauthor: #IN #THE #FACE #OF #ADVERSITY #PETER #MARTIN #NEWRELEASE #PSYCHOLOGICAL #THRILLER (link: (link: https://t.co/ZYHC8IjsYV‚Ä¶,RT  #IN #THE #FACE #OF #ADVERSITY #PETER #MARTIN #NEWRELEASE #PSYCHOLOGICAL #THRILLER (link: (link: https://t.co/ZYHC8IjsYV‚Ä¶,RT  #IN #THE #FACE #OF #ADVERSITY #PETER #MARTIN #NEWRELEASE #PSYCHOLOGICAL #THRILLER (link: (link: ,  #IN #HE #FACE #OF #ADVESIY #PEE #MAIN #NEWELEASE #PSYCHOLOGICAL #HILLE (link: (link: ,  IN HE FACE OF ADVESIY PEE MAIN NEWELEASE PSYCHOLOGICAL HILLE link link ,"['IN', 'HE', 'FACE', 'OF', 'ADVESIY', 'PEE', 'MAIN', 'NEWELEASE', 'PSYCHOLOGICAL', 'HILLE', 'link', 'link']"
60,RT @wbellauthor: FREE to Kindle Unlimited members: all four of my military #histfic novels #WW2 #Vietnam #Aviation #Seabees #Romance https:‚Ä¶,RT  FREE to Kindle Unlimited members: all four of my military #histfic novels #WW2 #Vietnam #Aviation #Seabees #Romance https:‚Ä¶,RT  FREE to Kindle Unlimited members: all four of my military #histfic novels #WW2 #Vietnam #Aviation #Seabees #Romance https:‚Ä¶,  FEE to Kindle Unlimited members: all four of my military #histfic novels #WW #Vietnam #Aviation #Seabees #omance https:‚Ä¶,  FEE to Kindle Unlimited members all four of my military histfic novels WW Vietnam Aviation Seabees omance https‚Ä¶,"['FEE', 'Kindle', 'Unlimited', 'members', 'four', 'military', 'histfic', 'novels', 'WW', 'Vietnam', 'Aviation', 'Seabees', 'omance', 'https‚Ä¶']"
61,RT @tracesofswift: my cat got surgery and she kept tearing off her surgical cone so we got her a cone from amazon that‚Äôs a piece of bread h‚Ä¶,RT  my cat got surgery and she kept tearing off her surgical cone so we got her a cone from amazon that‚Äôs a piece of bread h‚Ä¶,RT  my cat got surgery and she kept tearing off her surgical cone so we got her a cone from amazon that‚Äôs a piece of bread h‚Ä¶,  my cat got surgery and she kept tearing off her surgical cone so we got her a cone from amazon that‚Äôs a piece of bread h‚Ä¶,  my cat got surgery and she kept tearing off her surgical cone so we got her a cone from amazon that‚Äôs a piece of bread h‚Ä¶,"['cat', 'got', 'surgery', 'kept', 'tearing', 'surgical', 'cone', 'got', 'cone', 'amazon', 'that‚Äôs', 'piece', 'bread', 'h‚Ä¶']"
62,A Naturalist's Guide to the Trees of Sri Lanka was published by John Beaufoy Publishing. Very pleased to see some o‚Ä¶ https://t.co/95VzL6xAKJ,A Naturalist's Guide to the Trees of Sri Lanka was published by John Beaufoy Publishing. Very pleased to see some o‚Ä¶ https://t.co/95VzL6xAKJ,A Naturalist's Guide to the Trees of Sri Lanka was published by John Beaufoy Publishing. Very pleased to see some o‚Ä¶ ,A Naturalist's Guide to the rees of Sri Lanka was published by John Beaufoy Publishing. Very pleased to see some o‚Ä¶ ,A Naturalists Guide to the rees of Sri Lanka was published by John Beaufoy Publishing Very pleased to see some o‚Ä¶ ,"['A', 'Naturalists', 'Guide', 'rees', 'Sri', 'Lanka', 'published', 'John', 'Beaufoy', 'Publishing', 'Very', 'pleased', 'see', 'o‚Ä¶']"
63,#ETURNUL‚Äã ‚Äã@imeturnul‚Äã featured in ‚Äã#MusicLov3rz‚Äã ‚Äã#WW‚Äã Magazine March! ‚Äã#NewSingle‚Äã ‚Äã#Streamin‚Äã ‚Äã‚Ä¶ https://t.co/AfJNhPWftn,#ETURNUL‚Äã ‚Äã featured in ‚Äã#MusicLov3rz‚Äã ‚Äã#WW‚Äã Magazine March! ‚Äã#NewSingle‚Äã ‚Äã#Streamin‚Äã ‚Äã‚Ä¶ https://t.co/AfJNhPWftn,#ETURNUL‚Äã ‚Äã featured in ‚Äã#MusicLov3rz‚Äã ‚Äã#WW‚Äã Magazine March! ‚Äã#NewSingle‚Äã ‚Äã#Streamin‚Äã ‚Äã‚Ä¶ ,#EUNUL‚Äã ‚Äã featured in ‚Äã#MusicLovrz‚Äã ‚Äã#WW‚Äã Magazine March! ‚Äã#NewSingle‚Äã ‚Äã#Streamin‚Äã ‚Äã‚Ä¶ ,EUNUL‚Äã ‚Äã featured in ‚ÄãMusicLovrz‚Äã ‚ÄãWW‚Äã Magazine March ‚ÄãNewSingle‚Äã ‚ÄãStreamin‚Äã ‚Äã‚Ä¶ ,"['EUNUL\u200b', '\u200b', 'featured', '\u200bMusicLovrz\u200b', '\u200bWW\u200b', 'Magazine', 'March', '\u200bNewSingle\u200b', '\u200bStreamin\u200b', '\u200b‚Ä¶']"
64,"New #DIK! Malice by @pintipdunn
Reviewer: @Biblio_Kitten
Grade: A
Review: https://t.co/l1YFMVQ1n0
Heat: Subtle
Book‚Ä¶ https://t.co/0rNoZMmIAs","New #DIK! Malice by 
Reviewer: 
Grade: A
Review: https://t.co/l1YFMVQ1n0
Heat: Subtle
Book‚Ä¶ https://t.co/0rNoZMmIAs","New #DIK! Malice by 
Reviewer: 
Grade: A
Review: 
Heat: Subtle
Book‚Ä¶ ","New #DIK! Malice by 
eviewer: 
Grade: A
eview: 
Heat: Subtle
Book‚Ä¶ ","New DIK Malice by 
eviewer 
Grade A
eview 
Heat Subtle
Book‚Ä¶ ","['New', 'DIK', 'Malice', 'eviewer', 'Grade', 'A', 'eview', 'Heat', 'Subtle', 'Book‚Ä¶']"
65,"RT @ZiaWestfield: ‚Ä¢¬¥¬∏.‚Ä¢*¬¥¬®) ¬∏.‚Ä¢*¬®)
 (¬∏.‚Ä¢¬¥ (¬∏.‚Ä¢ ""KILLER SECRETS"" 
https://t.co/HGWEd6tpi2 
With Killer Secrets Jack must protect Gemma with‚Ä¶","RT  ‚Ä¢¬¥¬∏.‚Ä¢*¬¥¬®) ¬∏.‚Ä¢*¬®)
 (¬∏.‚Ä¢¬¥ (¬∏.‚Ä¢ ""KILLER SECRETS"" 
https://t.co/HGWEd6tpi2 
With Killer Secrets Jack must protect Gemma with‚Ä¶","RT  ‚Ä¢¬¥¬∏.‚Ä¢*¬¥¬®) ¬∏.‚Ä¢*¬®)
 (¬∏.‚Ä¢¬¥ (¬∏.‚Ä¢ ""KILLER SECRETS"" 
 
With Killer Secrets Jack must protect Gemma with‚Ä¶","  ‚Ä¢¬¥¬∏.‚Ä¢*¬¥¬®) ¬∏.‚Ä¢*¬®)
 (¬∏.‚Ä¢¬¥ (¬∏.‚Ä¢ ""KILLE SECES"" 
 
With Killer Secrets Jack must protect Gemma with‚Ä¶","  ‚Ä¢¬¥¬∏‚Ä¢¬¥¬® ¬∏‚Ä¢¬®
 ¬∏‚Ä¢¬¥ ¬∏‚Ä¢ KILLE SECES 
 
With Killer Secrets Jack must protect Gemma with‚Ä¶","['‚Ä¢¬¥¬∏‚Ä¢¬¥¬®', '¬∏‚Ä¢¬®', '¬∏‚Ä¢¬¥', '¬∏‚Ä¢', 'KILLE', 'SECES', 'With', 'Killer', 'Secrets', 'Jack', 'must', 'protect', 'Gemma', 'with‚Ä¶']"
66,RT @tracesofswift: my cat got surgery and she kept tearing off her surgical cone so we got her a cone from amazon that‚Äôs a piece of bread h‚Ä¶,RT  my cat got surgery and she kept tearing off her surgical cone so we got her a cone from amazon that‚Äôs a piece of bread h‚Ä¶,RT  my cat got surgery and she kept tearing off her surgical cone so we got her a cone from amazon that‚Äôs a piece of bread h‚Ä¶,  my cat got surgery and she kept tearing off her surgical cone so we got her a cone from amazon that‚Äôs a piece of bread h‚Ä¶,  my cat got surgery and she kept tearing off her surgical cone so we got her a cone from amazon that‚Äôs a piece of bread h‚Ä¶,"['cat', 'got', 'surgery', 'kept', 'tearing', 'surgical', 'cone', 'got', 'cone', 'amazon', 'that‚Äôs', 'piece', 'bread', 'h‚Ä¶']"
67,"RT @NCTsmtown_127: NCTzens are you seeing this!? Make sure you listen to our new album 'Neo Zone' on @amazonmusic üé∂

Listen here: https://t‚Ä¶","RT  NCTzens are you seeing this!? Make sure you listen to our new album 'Neo Zone' on  üé∂

Listen here: https://t‚Ä¶","RT  NCTzens are you seeing this!? Make sure you listen to our new album 'Neo Zone' on  üé∂

Listen here: ","  NCzens are you seeing this!? Make sure you listen to our new album 'Neo Zone' on  üé∂

Listen here: ","  NCzens are you seeing this Make sure you listen to our new album Neo Zone on  üé∂

Listen here ","['NCzens', 'seeing', 'Make', 'sure', 'listen', 'new', 'album', 'Neo', 'Zone', 'üé∂', 'Listen']"
68,"RT @TCKMumbai: #HoliKeBol Hindi Mein Bol!
Can you guess this evergreen Holi song?

Let the answers rain in the comments below using the #Ho‚Ä¶","RT  #HoliKeBol Hindi Mein Bol!
Can you guess this evergreen Holi song?

Let the answers rain in the comments below using the #Ho‚Ä¶","RT  #HoliKeBol Hindi Mein Bol!
Can you guess this evergreen Holi song?

Let the answers rain in the comments below using the #Ho‚Ä¶","  #HoliKeBol Hindi Mein Bol!
Can you guess this evergreen Holi song?

Let the answers rain in the comments below using the #Ho‚Ä¶","  HoliKeBol Hindi Mein Bol
Can you guess this evergreen Holi song

Let the answers rain in the comments below using the Ho‚Ä¶","['HoliKeBol', 'Hindi', 'Mein', 'Bol', 'Can', 'guess', 'evergreen', 'Holi', 'song', 'Let', 'answers', 'rain', 'comments', 'using', 'Ho‚Ä¶']"
69,"RT @JohnRosePutnam: A Kindle Bestseller

‚ùàTHE BETRAYED‚ùà 
https://t.co/4o8vfn6MC4 

Left for dead, 
lost and confused, 
he drank too much.‚Ä¶","RT  A Kindle Bestseller

‚ùàTHE BETRAYED‚ùà 
https://t.co/4o8vfn6MC4 

Left for dead, 
lost and confused, 
he drank too much.‚Ä¶","RT  A Kindle Bestseller

‚ùàTHE BETRAYED‚ùà 
 

Left for dead, 
lost and confused, 
he drank too much.‚Ä¶","  A Kindle Bestseller

‚ùàHE BEAYED‚ùà 
 

Left for dead, 
lost and confused, 
he drank too much.‚Ä¶","  A Kindle Bestseller

‚ùàHE BEAYED‚ùà 
 

Left for dead 
lost and confused 
he drank too much‚Ä¶","['A', 'Kindle', 'Bestseller', '‚ùàHE', 'BEAYED‚ùà', 'Left', 'dead', 'lost', 'confused', 'drank', 'much‚Ä¶']"
70,RT @tracesofswift: my cat got surgery and she kept tearing off her surgical cone so we got her a cone from amazon that‚Äôs a piece of bread h‚Ä¶,RT  my cat got surgery and she kept tearing off her surgical cone so we got her a cone from amazon that‚Äôs a piece of bread h‚Ä¶,RT  my cat got surgery and she kept tearing off her surgical cone so we got her a cone from amazon that‚Äôs a piece of bread h‚Ä¶,  my cat got surgery and she kept tearing off her surgical cone so we got her a cone from amazon that‚Äôs a piece of bread h‚Ä¶,  my cat got surgery and she kept tearing off her surgical cone so we got her a cone from amazon that‚Äôs a piece of bread h‚Ä¶,"['cat', 'got', 'surgery', 'kept', 'tearing', 'surgical', 'cone', 'got', 'cone', 'amazon', 'that‚Äôs', 'piece', 'bread', 'h‚Ä¶']"
71,"RT @RedditorYT: ü•≥üí•$400 GIVEAWAYüí•ü•≥

When I hit 400,000 subscribers, I'll be giving away twenty $20 Amazon gift cards as a thank you for the‚Ä¶","RT  ü•≥üí•$400 GIVEAWAYüí•ü•≥

When I hit 400,000 subscribers, I'll be giving away twenty $20 Amazon gift cards as a thank you for the‚Ä¶","RT  ü•≥üí•$400 GIVEAWAYüí•ü•≥

When I hit 400,000 subscribers, I'll be giving away twenty $20 Amazon gift cards as a thank you for the‚Ä¶","  ü•≥üí•$ GIVEAWAYüí•ü•≥

When I hit , subscribers, I'll be giving away twenty $ Amazon gift cards as a thank you for the‚Ä¶","  ü•≥üí• GIVEAWAYüí•ü•≥

When I hit  subscribers Ill be giving away twenty  Amazon gift cards as a thank you for the‚Ä¶","['ü•≥üí•', 'GIVEAWAYüí•ü•≥', 'When', 'I', 'hit', 'subscribers', 'Ill', 'giving', 'away', 'twenty', 'Amazon', 'gift', 'cards', 'thank', 'the‚Ä¶']"
72,RT @JeffDawson59: Who are you really talking to? Your guess is as good as mine https://t.co/uNuAMHKwGg #Catfish #Dating #Russianbrides http‚Ä¶,RT  Who are you really talking to? Your guess is as good as mine https://t.co/uNuAMHKwGg #Catfish #Dating #Russianbrides http‚Ä¶,RT  Who are you really talking to? Your guess is as good as mine  #Catfish #Dating #Russianbrides http‚Ä¶,  Who are you really talking to? Your guess is as good as mine  #Catfish #Dating #ussianbrides http‚Ä¶,  Who are you really talking to Your guess is as good as mine  Catfish Dating ussianbrides http‚Ä¶,"['Who', 'really', 'talking', 'Your', 'guess', 'good', 'mine', 'Catfish', 'Dating', 'ussianbrides', 'http‚Ä¶']"
73,"RT @TudorTweep: As the Tower casts a dark shadow over #Tudor England, Anne Boleyn enters a fragile time

The King is unpredictable. Allies‚Ä¶","RT  As the Tower casts a dark shadow over #Tudor England, Anne Boleyn enters a fragile time

The King is unpredictable. Allies‚Ä¶","RT  As the Tower casts a dark shadow over #Tudor England, Anne Boleyn enters a fragile time

The King is unpredictable. Allies‚Ä¶","  As the ower casts a dark shadow over #udor England, Anne Boleyn enters a fragile time

he King is unpredictable. Allies‚Ä¶","  As the ower casts a dark shadow over udor England Anne Boleyn enters a fragile time

he King is unpredictable Allies‚Ä¶","['As', 'ower', 'casts', 'dark', 'shadow', 'udor', 'England', 'Anne', 'Boleyn', 'enters', 'fragile', 'time', 'King', 'unpredictable', 'Allies‚Ä¶']"
74,RT @tracesofswift: my cat got surgery and she kept tearing off her surgical cone so we got her a cone from amazon that‚Äôs a piece of bread h‚Ä¶,RT  my cat got surgery and she kept tearing off her surgical cone so we got her a cone from amazon that‚Äôs a piece of bread h‚Ä¶,RT  my cat got surgery and she kept tearing off her surgical cone so we got her a cone from amazon that‚Äôs a piece of bread h‚Ä¶,  my cat got surgery and she kept tearing off her surgical cone so we got her a cone from amazon that‚Äôs a piece of bread h‚Ä¶,  my cat got surgery and she kept tearing off her surgical cone so we got her a cone from amazon that‚Äôs a piece of bread h‚Ä¶,"['cat', 'got', 'surgery', 'kept', 'tearing', 'surgical', 'cone', 'got', 'cone', 'amazon', 'that‚Äôs', 'piece', 'bread', 'h‚Ä¶']"
75,RT @ETDefence: #PulwamaAttack: Items for bomb bought on #Amazon https://t.co/VNsaORzvuJ,RT  #PulwamaAttack: Items for bomb bought on #Amazon https://t.co/VNsaORzvuJ,RT  #PulwamaAttack: Items for bomb bought on #Amazon ,  #PulwamaAttack: Items for bomb bought on #Amazon ,  PulwamaAttack Items for bomb bought on Amazon ,"['PulwamaAttack', 'Items', 'bomb', 'bought', 'Amazon']"
76,RT @tracesofswift: my cat got surgery and she kept tearing off her surgical cone so we got her a cone from amazon that‚Äôs a piece of bread h‚Ä¶,RT  my cat got surgery and she kept tearing off her surgical cone so we got her a cone from amazon that‚Äôs a piece of bread h‚Ä¶,RT  my cat got surgery and she kept tearing off her surgical cone so we got her a cone from amazon that‚Äôs a piece of bread h‚Ä¶,  my cat got surgery and she kept tearing off her surgical cone so we got her a cone from amazon that‚Äôs a piece of bread h‚Ä¶,  my cat got surgery and she kept tearing off her surgical cone so we got her a cone from amazon that‚Äôs a piece of bread h‚Ä¶,"['cat', 'got', 'surgery', 'kept', 'tearing', 'surgical', 'cone', 'got', 'cone', 'amazon', 'that‚Äôs', 'piece', 'bread', 'h‚Ä¶']"
77,RT @Rollitupk: Amazon bitch fuck you cause you know damn welllllll https://t.co/P8TOjLPzDV,RT  Amazon bitch fuck you cause you know damn welllllll https://t.co/P8TOjLPzDV,RT  Amazon bitch fuck you cause you know damn welllllll ,  Amazon bitch fuck you cause you know damn welllllll ,  Amazon bitch fuck you cause you know damn welllllll ,"['Amazon', 'bitch', 'fuck', 'cause', 'know', 'damn', 'welllllll']"
78,RT @tracesofswift: my cat got surgery and she kept tearing off her surgical cone so we got her a cone from amazon that‚Äôs a piece of bread h‚Ä¶,RT  my cat got surgery and she kept tearing off her surgical cone so we got her a cone from amazon that‚Äôs a piece of bread h‚Ä¶,RT  my cat got surgery and she kept tearing off her surgical cone so we got her a cone from amazon that‚Äôs a piece of bread h‚Ä¶,  my cat got surgery and she kept tearing off her surgical cone so we got her a cone from amazon that‚Äôs a piece of bread h‚Ä¶,  my cat got surgery and she kept tearing off her surgical cone so we got her a cone from amazon that‚Äôs a piece of bread h‚Ä¶,"['cat', 'got', 'surgery', 'kept', 'tearing', 'surgical', 'cone', 'got', 'cone', 'amazon', 'that‚Äôs', 'piece', 'bread', 'h‚Ä¶']"
79,"RT @RoddyKent24: #broomchallange #broomstick #broomchallege üßπ 
King Broom Challenge Funny Sweep Standing T-Shirt #tshirt üëï #broomstandchall‚Ä¶","RT  #broomchallange #broomstick #broomchallege üßπ 
King Broom Challenge Funny Sweep Standing T-Shirt #tshirt üëï #broomstandchall‚Ä¶","RT  #broomchallange #broomstick #broomchallege üßπ 
King Broom Challenge Funny Sweep Standing T-Shirt #tshirt üëï #broomstandchall‚Ä¶","  #broomchallange #broomstick #broomchallege üßπ 
King Broom Challenge Funny Sweep Standing -Shirt #tshirt üëï #broomstandchall‚Ä¶","  broomchallange broomstick broomchallege üßπ 
King Broom Challenge Funny Sweep Standing Shirt tshirt üëï broomstandchall‚Ä¶","['broomchallange', 'broomstick', 'broomchallege', 'üßπ', 'King', 'Broom', 'Challenge', 'Funny', 'Sweep', 'Standing', 'Shirt', 'tshirt', 'üëï', 'broomstandchall‚Ä¶']"
80,"RT @aharemboysaga: My flashback Friday is written in https://t.co/NlhrCCdzNE my memoir series.
A Harem Boy‚Äôs Saga; a memoir by Young (a 5-b‚Ä¶","RT  My flashback Friday is written in https://t.co/NlhrCCdzNE my memoir series.
A Harem Boy‚Äôs Saga; a memoir by Young (a 5-b‚Ä¶","RT  My flashback Friday is written in  my memoir series.
A Harem Boy‚Äôs Saga; a memoir by Young (a 5-b‚Ä¶","  My flashback Friday is written in  my memoir series.
A Harem Boy‚Äôs Saga; a memoir by Young (a -b‚Ä¶","  My flashback Friday is written in  my memoir series
A Harem Boy‚Äôs Saga a memoir by Young a b‚Ä¶","['My', 'flashback', 'Friday', 'written', 'memoir', 'series', 'A', 'Harem', 'Boy‚Äôs', 'Saga', 'memoir', 'Young', 'b‚Ä¶']"
81,"RT @FelizPiez: @HarvestlandBook @DBCarterAuthor ""...a very unique voice, reminiscent of a fairy tale being told to a child...a modern alleg‚Ä¶","RT    ""...a very unique voice, reminiscent of a fairy tale being told to a child...a modern alleg‚Ä¶","RT    ""...a very unique voice, reminiscent of a fairy tale being told to a child...a modern alleg‚Ä¶","    ""...a very unique voice, reminiscent of a fairy tale being told to a child...a modern alleg‚Ä¶",    a very unique voice reminiscent of a fairy tale being told to a childa modern alleg‚Ä¶,"['unique', 'voice', 'reminiscent', 'fairy', 'tale', 'told', 'childa', 'modern', 'alleg‚Ä¶']"
82,RT @tracesofswift: my cat got surgery and she kept tearing off her surgical cone so we got her a cone from amazon that‚Äôs a piece of bread h‚Ä¶,RT  my cat got surgery and she kept tearing off her surgical cone so we got her a cone from amazon that‚Äôs a piece of bread h‚Ä¶,RT  my cat got surgery and she kept tearing off her surgical cone so we got her a cone from amazon that‚Äôs a piece of bread h‚Ä¶,  my cat got surgery and she kept tearing off her surgical cone so we got her a cone from amazon that‚Äôs a piece of bread h‚Ä¶,  my cat got surgery and she kept tearing off her surgical cone so we got her a cone from amazon that‚Äôs a piece of bread h‚Ä¶,"['cat', 'got', 'surgery', 'kept', 'tearing', 'surgical', 'cone', 'got', 'cone', 'amazon', 'that‚Äôs', 'piece', 'bread', 'h‚Ä¶']"
83,RT @Tieshatalks: A nigga say he didn‚Äôt sleep well &amp; shorty is already on amazon searching new comforters. You tell a nigga you‚Äôre $10 away‚Ä¶,RT  A nigga say he didn‚Äôt sleep well &amp; shorty is already on amazon searching new comforters. You tell a nigga you‚Äôre $10 away‚Ä¶,RT  A nigga say he didn‚Äôt sleep well &amp; shorty is already on amazon searching new comforters. You tell a nigga you‚Äôre $10 away‚Ä¶,  A nigga say he didn‚Äôt sleep well &amp; shorty is already on amazon searching new comforters. You tell a nigga you‚Äôre $ away‚Ä¶,  A nigga say he didn‚Äôt sleep well amp shorty is already on amazon searching new comforters You tell a nigga you‚Äôre  away‚Ä¶,"['A', 'nigga', 'say', 'didn‚Äôt', 'sleep', 'well', 'amp', 'shorty', 'already', 'amazon', 'searching', 'new', 'comforters', 'You', 'tell', 'nigga', 'you‚Äôre', 'away‚Ä¶']"
84,RT @BookDuke: THE CASE OF THE BLACK PEARL - Cannes Film Festival star vanishes with fabulous black pearl https://t.co/1tKF0x0OuF  #Cannes #‚Ä¶,RT  THE CASE OF THE BLACK PEARL - Cannes Film Festival star vanishes with fabulous black pearl https://t.co/1tKF0x0OuF  #Cannes #‚Ä¶,RT  THE CASE OF THE BLACK PEARL - Cannes Film Festival star vanishes with fabulous black pearl   #Cannes #‚Ä¶,  HE CASE OF HE BLACK PEAL - Cannes Film Festival star vanishes with fabulous black pearl   #Cannes #‚Ä¶,  HE CASE OF HE BLACK PEAL  Cannes Film Festival star vanishes with fabulous black pearl   Cannes ‚Ä¶,"['HE', 'CASE', 'OF', 'HE', 'BLACK', 'PEAL', 'Cannes', 'Film', 'Festival', 'star', 'vanishes', 'fabulous', 'black', 'pearl', 'Cannes', '‚Ä¶']"
85,"RT @CassSunstein: Too Much Information? Relevant to coronovirus, and appearing in a few months. @mitpress 
https://t.co/BPn1WFZj6K","RT  Too Much Information? Relevant to coronovirus, and appearing in a few months.  
https://t.co/BPn1WFZj6K","RT  Too Much Information? Relevant to coronovirus, and appearing in a few months.  
","  oo Much Information? elevant to coronovirus, and appearing in a few months.  
","  oo Much Information elevant to coronovirus and appearing in a few months  
","['oo', 'Much', 'Information', 'elevant', 'coronovirus', 'appearing', 'months']"
86,RT @tracesofswift: my cat got surgery and she kept tearing off her surgical cone so we got her a cone from amazon that‚Äôs a piece of bread h‚Ä¶,RT  my cat got surgery and she kept tearing off her surgical cone so we got her a cone from amazon that‚Äôs a piece of bread h‚Ä¶,RT  my cat got surgery and she kept tearing off her surgical cone so we got her a cone from amazon that‚Äôs a piece of bread h‚Ä¶,  my cat got surgery and she kept tearing off her surgical cone so we got her a cone from amazon that‚Äôs a piece of bread h‚Ä¶,  my cat got surgery and she kept tearing off her surgical cone so we got her a cone from amazon that‚Äôs a piece of bread h‚Ä¶,"['cat', 'got', 'surgery', 'kept', 'tearing', 'surgical', 'cone', 'got', 'cone', 'amazon', 'that‚Äôs', 'piece', 'bread', 'h‚Ä¶']"
87,"RT @TudorTweep: Daughter of the nobility, cousin to a fallen queen, child of fate, Catherine Howard survives a dangerous childhood, forging‚Ä¶","RT  Daughter of the nobility, cousin to a fallen queen, child of fate, Catherine Howard survives a dangerous childhood, forging‚Ä¶","RT  Daughter of the nobility, cousin to a fallen queen, child of fate, Catherine Howard survives a dangerous childhood, forging‚Ä¶","  Daughter of the nobility, cousin to a fallen queen, child of fate, Catherine Howard survives a dangerous childhood, forging‚Ä¶",  Daughter of the nobility cousin to a fallen queen child of fate Catherine Howard survives a dangerous childhood forging‚Ä¶,"['Daughter', 'nobility', 'cousin', 'fallen', 'queen', 'child', 'fate', 'Catherine', 'Howard', 'survives', 'dangerous', 'childhood', 'forging‚Ä¶']"
88,RT @tracesofswift: my cat got surgery and she kept tearing off her surgical cone so we got her a cone from amazon that‚Äôs a piece of bread h‚Ä¶,RT  my cat got surgery and she kept tearing off her surgical cone so we got her a cone from amazon that‚Äôs a piece of bread h‚Ä¶,RT  my cat got surgery and she kept tearing off her surgical cone so we got her a cone from amazon that‚Äôs a piece of bread h‚Ä¶,  my cat got surgery and she kept tearing off her surgical cone so we got her a cone from amazon that‚Äôs a piece of bread h‚Ä¶,  my cat got surgery and she kept tearing off her surgical cone so we got her a cone from amazon that‚Äôs a piece of bread h‚Ä¶,"['cat', 'got', 'surgery', 'kept', 'tearing', 'surgical', 'cone', 'got', 'cone', 'amazon', 'that‚Äôs', 'piece', 'bread', 'h‚Ä¶']"
89,RT @tracesofswift: my cat got surgery and she kept tearing off her surgical cone so we got her a cone from amazon that‚Äôs a piece of bread h‚Ä¶,RT  my cat got surgery and she kept tearing off her surgical cone so we got her a cone from amazon that‚Äôs a piece of bread h‚Ä¶,RT  my cat got surgery and she kept tearing off her surgical cone so we got her a cone from amazon that‚Äôs a piece of bread h‚Ä¶,  my cat got surgery and she kept tearing off her surgical cone so we got her a cone from amazon that‚Äôs a piece of bread h‚Ä¶,  my cat got surgery and she kept tearing off her surgical cone so we got her a cone from amazon that‚Äôs a piece of bread h‚Ä¶,"['cat', 'got', 'surgery', 'kept', 'tearing', 'surgical', 'cone', 'got', 'cone', 'amazon', 'that‚Äôs', 'piece', 'bread', 'h‚Ä¶']"
90,"@INTOnews THE LITTLE SHOEMAKER'S SILVER

NOW IN PRINT

Annabelle Shoemaker, a leprechaun girl, finds magic in frien‚Ä¶ https://t.co/kq6B2rnkU5"," THE LITTLE SHOEMAKER'S SILVER

NOW IN PRINT

Annabelle Shoemaker, a leprechaun girl, finds magic in frien‚Ä¶ https://t.co/kq6B2rnkU5"," THE LITTLE SHOEMAKER'S SILVER

NOW IN PRINT

Annabelle Shoemaker, a leprechaun girl, finds magic in frien‚Ä¶ "," HE LILE SHOEMAKE'S SILVE

NOW IN PIN

Annabelle Shoemaker, a leprechaun girl, finds magic in frien‚Ä¶ "," HE LILE SHOEMAKES SILVE

NOW IN PIN

Annabelle Shoemaker a leprechaun girl finds magic in frien‚Ä¶ ","['HE', 'LILE', 'SHOEMAKES', 'SILVE', 'NOW', 'IN', 'PIN', 'Annabelle', 'Shoemaker', 'leprechaun', 'girl', 'finds', 'magic', 'frien‚Ä¶']"
91,@GrahamCracka07 @SaruulMunkhtur @MarkDice @RealSaavedra @AndrewYang There's no one watching. It's just restockers.‚Ä¶ https://t.co/Ld4qojSX13,     There's no one watching. It's just restockers.‚Ä¶ https://t.co/Ld4qojSX13,     There's no one watching. It's just restockers.‚Ä¶ ,     here's no one watching. It's just restockers.‚Ä¶ ,     heres no one watching Its just restockers‚Ä¶ ,"['heres', 'one', 'watching', 'Its', 'restockers‚Ä¶']"
92,"RT @PHRZNForeign: Hey everyone I got great news, I plan to do a GIVEAWAY ON MY TWITCH IF, I reach 200 + followers on Instagram by Sunday th‚Ä¶","RT  Hey everyone I got great news, I plan to do a GIVEAWAY ON MY TWITCH IF, I reach 200 + followers on Instagram by Sunday th‚Ä¶","RT  Hey everyone I got great news, I plan to do a GIVEAWAY ON MY TWITCH IF, I reach 200 + followers on Instagram by Sunday th‚Ä¶","  Hey everyone I got great news, I plan to do a GIVEAWAY ON MY WICH IF, I reach  + followers on Instagram by Sunday th‚Ä¶",  Hey everyone I got great news I plan to do a GIVEAWAY ON MY WICH IF I reach   followers on Instagram by Sunday th‚Ä¶,"['Hey', 'everyone', 'I', 'got', 'great', 'news', 'I', 'plan', 'GIVEAWAY', 'ON', 'MY', 'WICH', 'IF', 'I', 'reach', 'followers', 'Instagram', 'Sunday', 'th‚Ä¶']"
93,RT @tracesofswift: my cat got surgery and she kept tearing off her surgical cone so we got her a cone from amazon that‚Äôs a piece of bread h‚Ä¶,RT  my cat got surgery and she kept tearing off her surgical cone so we got her a cone from amazon that‚Äôs a piece of bread h‚Ä¶,RT  my cat got surgery and she kept tearing off her surgical cone so we got her a cone from amazon that‚Äôs a piece of bread h‚Ä¶,  my cat got surgery and she kept tearing off her surgical cone so we got her a cone from amazon that‚Äôs a piece of bread h‚Ä¶,  my cat got surgery and she kept tearing off her surgical cone so we got her a cone from amazon that‚Äôs a piece of bread h‚Ä¶,"['cat', 'got', 'surgery', 'kept', 'tearing', 'surgical', 'cone', 'got', 'cone', 'amazon', 'that‚Äôs', 'piece', 'bread', 'h‚Ä¶']"
94,RT @tracesofswift: my cat got surgery and she kept tearing off her surgical cone so we got her a cone from amazon that‚Äôs a piece of bread h‚Ä¶,RT  my cat got surgery and she kept tearing off her surgical cone so we got her a cone from amazon that‚Äôs a piece of bread h‚Ä¶,RT  my cat got surgery and she kept tearing off her surgical cone so we got her a cone from amazon that‚Äôs a piece of bread h‚Ä¶,  my cat got surgery and she kept tearing off her surgical cone so we got her a cone from amazon that‚Äôs a piece of bread h‚Ä¶,  my cat got surgery and she kept tearing off her surgical cone so we got her a cone from amazon that‚Äôs a piece of bread h‚Ä¶,"['cat', 'got', 'surgery', 'kept', 'tearing', 'surgical', 'cone', 'got', 'cone', 'amazon', 'that‚Äôs', 'piece', 'bread', 'h‚Ä¶']"
95,RT @centerofright: Kashmir teen shopped chemicals on Amazon to make bombs for Pulwama attack  https://t.co/irYN3dSKYs,RT  Kashmir teen shopped chemicals on Amazon to make bombs for Pulwama attack  https://t.co/irYN3dSKYs,RT  Kashmir teen shopped chemicals on Amazon to make bombs for Pulwama attack  ,  Kashmir teen shopped chemicals on Amazon to make bombs for Pulwama attack  ,  Kashmir teen shopped chemicals on Amazon to make bombs for Pulwama attack  ,"['Kashmir', 'teen', 'shopped', 'chemicals', 'Amazon', 'make', 'bombs', 'Pulwama', 'attack']"
96,RT @tracesofswift: my cat got surgery and she kept tearing off her surgical cone so we got her a cone from amazon that‚Äôs a piece of bread h‚Ä¶,RT  my cat got surgery and she kept tearing off her surgical cone so we got her a cone from amazon that‚Äôs a piece of bread h‚Ä¶,RT  my cat got surgery and she kept tearing off her surgical cone so we got her a cone from amazon that‚Äôs a piece of bread h‚Ä¶,  my cat got surgery and she kept tearing off her surgical cone so we got her a cone from amazon that‚Äôs a piece of bread h‚Ä¶,  my cat got surgery and she kept tearing off her surgical cone so we got her a cone from amazon that‚Äôs a piece of bread h‚Ä¶,"['cat', 'got', 'surgery', 'kept', 'tearing', 'surgical', 'cone', 'got', 'cone', 'amazon', 'that‚Äôs', 'piece', 'bread', 'h‚Ä¶']"
97,"RT @Seb_Kirby: ""Compelling, extraordinary...""

@Seb_Kirby FORGIVE NO MORE

https://t.co/Jqd0OFd9jx

Pls RT

#IARTG #ASMSG #rtArtBoost #RRBC‚Ä¶","RT  ""Compelling, extraordinary...""

 FORGIVE NO MORE

https://t.co/Jqd0OFd9jx

Pls RT

#IARTG #ASMSG #rtArtBoost #RRBC‚Ä¶","RT  ""Compelling, extraordinary...""

 FORGIVE NO MORE



Pls RT

#IARTG #ASMSG #rtArtBoost #RRBC‚Ä¶","  ""Compelling, extraordinary...""

 FOGIVE NO MOE



Pls 

#IAG #ASMSG #rtArtBoost #BC‚Ä¶","  Compelling extraordinary

 FOGIVE NO MOE



Pls 

IAG ASMSG rtArtBoost BC‚Ä¶","['Compelling', 'extraordinary', 'FOGIVE', 'NO', 'MOE', 'Pls', 'IAG', 'ASMSG', 'rtArtBoost', 'BC‚Ä¶']"
98,"RT @amazonmusic: The @NCTsmtown_127 boys are back ü§© 

Listen to their new album ‚ÄòNCT #127 Neo Zone‚Äô now üî•üéß: https://t.co/7aZzUN23BJ https:/‚Ä¶","RT  The  boys are back ü§© 

Listen to their new album ‚ÄòNCT #127 Neo Zone‚Äô now üî•üéß: https://t.co/7aZzUN23BJ https:/‚Ä¶","RT  The  boys are back ü§© 

Listen to their new album ‚ÄòNCT #127 Neo Zone‚Äô now üî•üéß:  https:/‚Ä¶","  he  boys are back ü§© 

Listen to their new album ‚ÄòNC # Neo Zone‚Äô now üî•üéß:  https:/‚Ä¶","  he  boys are back ü§© 

Listen to their new album ‚ÄòNC  Neo Zone‚Äô now üî•üéß  https‚Ä¶","['boys', 'back', 'ü§©', 'Listen', 'new', 'album', '‚ÄòNC', 'Neo', 'Zone‚Äô', 'üî•üéß', 'https‚Ä¶']"
99,"RT @DBCarterAuthor: @HarvestlandBook Thank you, Meldrick!

The Wild Roses: In 1984, three friendships are torn apart by a chance meeting. A‚Ä¶","RT   Thank you, Meldrick!

The Wild Roses: In 1984, three friendships are torn apart by a chance meeting. A‚Ä¶","RT   Thank you, Meldrick!

The Wild Roses: In 1984, three friendships are torn apart by a chance meeting. A‚Ä¶","   hank you, Meldrick!

he Wild oses: In , three friendships are torn apart by a chance meeting. A‚Ä¶","   hank you Meldrick

he Wild oses In  three friendships are torn apart by a chance meeting A‚Ä¶","['hank', 'Meldrick', 'Wild', 'oses', 'In', 'three', 'friendships', 'torn', 'apart', 'chance', 'meeting', 'A‚Ä¶']"
