Sentiment,Tweets
[0],['Oppo Find X Pro Find X With Hz Display Snapdragon  SoC Launched Price Specifications ']
[0],['  Oppo has thicker bazels on sides']
[0],['Oppo launches Find X Pro with  periscope tele and calibrated Hz display  dpreview']
[4],['  ğŸ“¸  PIC OF HE WEEK  Leo Messi La Liga Player of the Month for February\n\nï¸âƒ£ Games\nï¸âƒ£ Wins\nï¸âƒ£ Goals\nï¸âƒ£ Assistsâ€¦']
[0],['OPPO Find X smartphone launches \n\nOPPOFindX Android Camera Smartphones  OPPOâ€¦ ']
[0],[' Why  isnt using  s ozo technology for their phones    wheâ€¦ ']
[4],['  Hey Harold Nice to meet you  AMC']
[0],[' Dear oppo i have oppo fs in marshmellow  android version  It is to much old version since yearâ€¦ ']
[4],[' I absolutely love the new mp camera with the x zoom and those crispy night mode images when combined withâ€¦ ']
[0],['  Oppo also announced its smart watch\n\n   curved screen\n mm\n GB AM\n GB memory\n Bluetooth  NFC and GPS\n ESâ€¦']
[0],['    OPPO Super Flagship Store at Emquartier\n\nà¹„à¸¡à¹ˆà¹„à¸”à¹‰à¸”à¸¶à¸‡ à¸¡à¸±à¸™à¸•à¸¶à¸‡à¹€à¸­à¸‡à¸‡à¸‡\n\nBbillkin\nà¸šà¸´à¸§à¸à¸´à¹‰à¸™\nà¸šà¸´à¸§à¸à¸´à¹‰à¸™à¸à¸µà¸à¸µ ']
[0],['           Alâ€¦']
[4],['  Your chance to WIN an OPPOFindXPro in our Launch Event GIVEAWAY Heres how ğŸ¤¯\n\nğŸ’š Comment below your favorite OPPOFindXSeriesâ€¦']
[0],['wanna have that Oppo eno huhuh']
[4],['  Your chance to WIN an OPPOFindXPro in our Launch Event GIVEAWAY Heres how ğŸ¤¯\n\nğŸ’š Comment below your favorite OPPOFindXSeriesâ€¦']
[0],['  han why would anyone buy the oppo phone if you can state this so obviously']
[0],['    Why is it so expensiv  \nFind   vooc  k Display mp Cam mah  â‚¬']
[0],['Oppo Find X Pro handson New camera W charging and Hz screen      CNE ']
[0],['Oppo Watch copies Apple Watchs design to offer an Android alternative      CNE ']
[0],['Android   oppo How to get ready for the OPPOFindX Launch Event ğŸ¿\n\nï¸âƒ£ Comment below and tell us which featurâ€¦ ']
[0],['Oppo Watch With Curved AMOLED Display eSIM Support Launched All You Need to Know ']
[4],['Oppo Find X Pro ops DxOMark Camera anking With  Overall Score Surpasses Mi  Pro ']
[0],['Oppo Find X Pro vs Oppo Find X Whatâ€™s the Difference ']
[0],['For the past few days OPPO has been teasing the Find X the blockbuster sequel of â€™s Find X\nAnd now here it iâ€¦ ']
[0],['Oppo Find X Pro Find X With Hz Display Snapdragon  SoC Launched Price Specifications ']
[0],['  iPhone users          Oppo users\n\nAny oppo user  ']
[0],[' so crap Canâ€™t this company come up with their own ideas Shame theyâ€™re in China otherwise Apple could sue them']
[0],[' Its got to be the mp camera and the fast charging perk Im always taking pictures on the go so its idealâ€¦ ']
[0],[' who would buy such overpriced phone with close to none EU support  warranty\nbrand value is lowerâ€¦ ']
[4],['  Your chance to WIN an OPPOFindXPro in our Launch Event GIVEAWAY Heres how ğŸ¤¯\n\nğŸ’š Comment below your favorite OPPOFindXSeriesâ€¦']
[4],['  Your chance to WIN an OPPOFindXPro in our Launch Event GIVEAWAY Heres how ğŸ¤¯\n\nğŸ’š Comment below your favorite OPPOFindXSeriesâ€¦']
[4],['   he edited shot looks amazing']
[4],['New post Watch this space Chinese mobe flinger OPPO flexes first shot at the wearables market ']
[4],['  Your chance to WIN an OPPOFindXPro in our Launch Event GIVEAWAY Heres how ğŸ¤¯\n\nğŸ’š Comment below your favorite OPPOFindXSeriesâ€¦']
[4],['  Your chance to WIN an OPPOFindXPro in our Launch Event GIVEAWAY Heres how ğŸ¤¯\n\nğŸ’š Comment below your favorite OPPOFindXSeriesâ€¦']
[4],['  Your chance to WIN an OPPOFindXPro in our Launch Event GIVEAWAY Heres how ğŸ¤¯\n\nğŸ’š Comment below your favorite OPPOFindXSeriesâ€¦']
[0],['  ZhangYujian updates weibo with a new selfie  â€œOh my goodness I think I might really be popular now OPPO actually sentâ€¦']
[0],['  See everything on OPPOFindXs Hz Ultra Vision Screen and feel the UltimateExperience  \n\nPreOrder OPPO Find X â€¦']
[0],['New Oppoâ€™s flagship Find X Pro announced with W charging Snapdragon  ']
[0],['Oppoâ€™s flagship Find X Pro announced with W charging Snapdragon   tech']
[0],['Oppo Find X Find X Pro pricing and availability details  ']
[0],['Oppo Find X Pro tops DxOMark chart for camera performance  ']
[0],['Oppo Find X Pro Lamborghini Edition debuts with lavish styling eyewatering price  ']
[0],['Oppo Find X series promo videos highlight design and cameras  ']
[0],['Oppo Watch is here ColorOS ECG sensor and two sizes  ']
[0],['Oppo Find X Pro handson review  ']
[4],['  Your chance to WIN an OPPOFindXPro in our Launch Event GIVEAWAY Heres how ğŸ¤¯\n\nğŸ’š Comment below your favorite OPPOFindXSeriesâ€¦']
[0],['ğŸ‘ on  Battery Insanity In A Leather Jacket Oppo Find X Pro HandsOn ']
[0],[' I like the hz screen on the phone because it make everything looks smooth\nI also like W Super VOOC â€¦ ']
[4],['  Gorgeous Lightningfast hree cameras hatâ€™s the brand new  Find X Pro powered by the Snapdragon  G ğŸ˜ httpsâ€¦']
[4],['  Your chance to WIN an OPPOFindXPro in our Launch Event GIVEAWAY Heres how ğŸ¤¯\n\nğŸ’š Comment below your favorite OPPOFindXSeriesâ€¦']
[0],['  According to your Mobile name I am your is\n\n  Nokia  Sister ğŸ™ƒ\n  Samsung  Friend ğŸ˜\n  IPhone  Crush ğŸ™ˆ\n  Oneâ€¦']
[4],[' Oppo joy']
[4],['  With an overall DXOMAK Camera score of  the brandnew OPPOFindX Pro by  has tied the Xiaomi MiPro for the topâ€¦']
[4],['      My Favourite Features OPPOFindXSeries\n\nâ¡ï¸Ultra Vision Screenâœ¨\nâ¡ï¸Ultraâ€¦']
[0],['  ZhangYujian updates weibo with a new selfie  â€œOh my goodness I think I might really be popular now OPPO actually sentâ€¦']
[0],['Oppo find x\nAnswer ğŸ˜‚ ']
[0],['         ']
[4],['  Your chance to WIN an OPPOFindXPro in our Launch Event GIVEAWAY Heres how ğŸ¤¯\n\nğŸ’š Comment below your favorite OPPOFindXSeriesâ€¦']
[0],['  Sorry to pour salt into the wound but Iâ€™ve just been re arching the magnificent Dinnerladies']
[0],['       Lmaoo all that at a better price']
[4],['  Got a reunion going on with an ex Navy oppo We always meet up for Pish v Pompey when we can']
[0],['  ZhangYujian updates weibo with a new selfie  â€œOh my goodness I think I might really be popular now OPPO actually sentâ€¦']
[0],['        hat dosent make sense dumbfuck']
[4],['Yes the Oppo Watch is a shameless Apple Watch ripoffâ€”but it has  features I want ']
[0],['A Chinese tech company youve likely never heard of made a smartwatch that looks identical to the  ']
[0],['  If they every feature in oppo commercial together I will never dare to skip it for sure ğŸ˜Œ ']
[0],['Oppo launches its ColorOSpowered Apple Watch clone ']
[0],[' Zoom is zoom enough noisy on both pix']
[0],['    OPPO Super Flagship Store at Emquartier\n\nà¹„à¸¡à¹ˆà¹„à¸”à¹‰à¸”à¸¶à¸‡ à¸¡à¸±à¸™à¸•à¸¶à¸‡à¹€à¸­à¸‡à¸‡à¸‡\n\nBbillkin\nà¸šà¸´à¸§à¸à¸´à¹‰à¸™\nà¸šà¸´à¸§à¸à¸´à¹‰à¸™à¸à¸µà¸à¸µ ']
[0],[' All of this ğŸ˜„ ']
[0],['Oppo Find X Pro Unveiled With Hz OLED Display W Flash Charge Dual MP Cameras ']
[0],['    OPPO Super Flagship Store at Emquartier\n\nà¹„à¸¡à¹ˆà¹„à¸”à¹‰à¸”à¸¶à¸‡ à¸¡à¸±à¸™à¸•à¸¶à¸‡à¹€à¸­à¸‡à¸‡à¸‡\n\nBbillkin\nà¸šà¸´à¸§à¸à¸´à¹‰à¸™\nà¸šà¸´à¸§à¸à¸´à¹‰à¸™à¸à¸µà¸à¸µ ']
[4],['  Your chance to WIN an OPPOFindXPro in our Launch Event GIVEAWAY Heres how ğŸ¤¯\n\nğŸ’š Comment below your favorite OPPOFindXSeriesâ€¦']
[0],['  It was a staff dt said dtnot d management U know acha has fans everywhere as wellâ€¦ ']
[0],['    OPPO Super Flagship Store at Emquartier\n\nà¹„à¸¡à¹ˆà¹„à¸”à¹‰à¸”à¸¶à¸‡ à¸¡à¸±à¸™à¸•à¸¶à¸‡à¹€à¸­à¸‡à¸‡à¸‡\n\nBbillkin\nà¸šà¸´à¸§à¸à¸´à¹‰à¸™\nà¸šà¸´à¸§à¸à¸´à¹‰à¸™à¸à¸µà¸à¸µ ']
[0],['  OPPO launched Find X and X Pro in Europe  ']
[0],['  he OPPOFindXSeries Hz Ultra Vision Screen is a cinema experience in the palm of your hand ğŸ­\n\nWith this in mind were thriâ€¦']
[0],['    OPPO Super Flagship Store at Emquartier\n\nà¹„à¸¡à¹ˆà¹„à¸”à¹‰à¸”à¸¶à¸‡ à¸¡à¸±à¸™à¸•à¸¶à¸‡à¹€à¸­à¸‡à¸‡à¸‡\n\nBbillkin\nà¸šà¸´à¸§à¸à¸´à¹‰à¸™\nà¸šà¸´à¸§à¸à¸´à¹‰à¸™à¸à¸µà¸à¸µ ']
[4],['       hats why its a better deaâ€¦ ']
[0],['  Hi Nak mintak tolong  untuk rezeki saya ğŸ¤²ğŸ»\n\nâ€¼ï¸LIMIED IME POMOIONâ€¼ï¸\n\nAvailable models\nğŸŒ¸Iphone\nğŸŒ¸Samsung\nğŸŒ¸OPPO\nğŸŒ¸Huawei\nğŸŒ¸Vâ€¦']
[4],['UKDigital Watch this space Chinese mobe flinger OPPO flexes first shot at the wearables market  Matthew Hughes']
[0],['  According to your Mobile name I am your is\n\n  Nokia  Sister ğŸ™ƒ\n  Samsung  Friend ğŸ˜\n  IPhone  Crush ğŸ™ˆ\n  Oneâ€¦']
[0],['  According to your Mobile name I am your is\n\n  Nokia  Sister ğŸ™ƒ\n  Samsung  Friend ğŸ˜\n  IPhone  Crush ğŸ™ˆ\n  Oneâ€¦']
[0],['  ZhangYujian updates weibo with a new selfie  â€œOh my goodness I think I might really be popular now OPPO actually sentâ€¦']
[0],['  ZhangYujian updates weibo with a new selfie  â€œOh my goodness I think I might really be popular now OPPO actually sentâ€¦']
[4],[' UncoverheUltimate ğŸ“¸ because its the most useful ğŸ¤£']
[0],['Oppo Find X Pro Price in India elease Date amp\xa0Specs  ']
[0],['What a ripp off  Steal amp make money  hats all the tech industry does Oppoâ€™s Apple Watch is a blatant ripoffâ€¦ ']
[0],[' Oppo S']
[4],['  ğŸ“¸  PIC OF HE WEEK  Leo Messi La Liga Player of the Month for February\n\nï¸âƒ£ Games\nï¸âƒ£ Wins\nï¸âƒ£ Goals\nï¸âƒ£ Assistsâ€¦']
[4],['  Your chance to WIN an OPPOFindXPro in our Launch Event GIVEAWAY Heres how ğŸ¤¯\n\nğŸ’š Comment below your favorite OPPOFindXSeriesâ€¦']
[0],['New post Oppo Find X Find X Pro pricing and availability details ']
[0],['New post Oppo Find X Pro tops DxOMark chart for camera performance ']
[0],['New post Oppo Find X Pro Lamborghini Edition debuts with lavish styling eyewatering price ']
[4],['New post Oppo Find X series promo videos highlight design and cameras ']
[0],['      My favourite is\nSuperVOOC  W Charging echnology\nOPPOFindXSeâ€¦']
[0],['Oppoâ€™s flagship Find X Pro announced with W charging Snapdragon   by onAmadeo']
[0],['New post Oppo Watch is here ColorOS ECG sensor and two sizes ']
[4],['New post Oppo Find X Pro handson review ']
